,tweet_id,img_num,dog_breed_prediction,prediction_confidence
0,666020888022790149,1,Welsh_springer_spaniel,0.465074
1,666029285002620928,1,redbone,0.506826
2,666033412701032449,1,German_shepherd,0.596461
3,666044226329800704,1,Rhodesian_ridgeback,0.408143
4,666049248165822465,1,miniature_pinscher,0.560311
5,666050758794694657,1,Bernese_mountain_dog,0.651137
7,666055525042405380,1,chow,0.692517
9,666058600524156928,1,miniature_poodle,0.201493
10,666063827256086533,1,golden_retriever,0.77593
11,666071193221509120,1,Gordon_setter,0.503672
12,666073100786774016,1,Walker_hound,0.260857
13,666082916733198337,1,pug,0.489814
14,666094000022159362,1,bloodhound,0.195217
15,666099513787052032,1,Lhasa,0.58233
16,666102155909144576,1,English_setter,0.298617
19,666273097616637952,1,Italian_greyhound,0.176053
20,666287406224695296,1,Maltese_dog,0.8575309999999999
23,666345417576210432,1,golden_retriever,0.8587440000000001
24,666353288456101888,1,malamute,0.33687399999999995
26,666373753744588802,1,soft-coated_wheaten_terrier,0.326467
27,666396247373291520,1,Chihuahua,0.978108
28,666407126856765440,1,black-and-tan_coonhound,0.529139
30,666418789513326592,1,toy_terrier,0.14968
31,666421158376562688,1,Blenheim_spaniel,0.906777
32,666428276349472768,1,Pembroke,0.371361
34,666435652385423360,1,Chesapeake_Bay_retriever,0.18413
35,666437273139982337,1,Chihuahua,0.6718529999999999
36,666447344410484738,1,curly-coated_retriever,0.32208400000000004
37,666454714377183233,1,dalmatian,0.278954
38,666644823164719104,1,Ibizan_hound,0.0443334
39,666649482315059201,1,Border_collie,0.447803
40,666691418707132416,1,German_shepherd,0.975401
41,666701168228331520,1,Labrador_retriever,0.887707
42,666739327293083650,1,miniature_poodle,0.546933
44,666781792255496192,1,Italian_greyhound,0.618316
46,666804364988780544,1,English_setter,0.32879200000000003
47,666817836334096384,1,miniature_schnauzer,0.496953
48,666826780179869698,1,Maltese_dog,0.359383
49,666835007768551424,1,Airedale,0.448459
54,667044094246576128,1,golden_retriever,0.765266
55,667062181243039745,1,Chesapeake_Bay_retriever,0.825678
57,667073648344346624,1,Chihuahua,0.483682
58,667090893657276420,1,Chihuahua,0.959514
59,667119796878725120,1,Pembroke,0.741563
60,667138269671505920,1,West_Highland_white_terrier,0.747713
61,667152164079423490,1,toy_poodle,0.535411
62,667160273090932737,1,golden_retriever,0.471351
63,667165590075940865,1,miniature_pinscher,0.140173
64,667171260800061440,1,giant_schnauzer,0.8412649999999999
65,667174963120574464,1,toy_poodle,0.266437
66,667176164155375616,1,soft-coated_wheaten_terrier,0.318981
67,667177989038297088,1,vizsla,0.25924899999999995
68,667182792070062081,1,golden_retriever,0.949892
70,667192066997374976,1,Rottweiler,0.28364
71,667200525029539841,1,Siberian_husky,0.694904
72,667211855547486208,1,golden_retriever,0.462556
74,667393430834667520,1,papillon,0.557009
75,667405339315146752,1,Saint_Bernard,0.381377
76,667435689202614272,1,Rottweiler,0.999091
79,667453023279554560,1,Labrador_retriever,0.8256700000000001
80,667455448082227200,1,Tibetan_terrier,0.676376
81,667470559035432960,1,toy_poodle,0.304175
82,667491009379606528,1,borzoi,0.852088
83,667495797102141441,1,Chihuahua,0.143957
84,667502640335572993,1,Labrador_retriever,0.996709
85,667509364010450944,1,beagle,0.636169
86,667517642048163840,1,Italian_greyhound,0.125176
88,667530908589760512,1,golden_retriever,0.633037
89,667534815156183040,1,Pembroke,0.435254
90,667538891197542400,1,Yorkshire_terrier,0.618957
91,667544320556335104,1,Pomeranian,0.412893
92,667546741521195010,1,toy_poodle,0.787424
97,667728196545200128,1,kuvasz,0.360159
99,667773195014021121,1,West_Highland_white_terrier,0.360465
101,667793409583771648,1,dalmatian,0.5350729999999999
102,667801013445750784,1,flat-coated_retriever,0.508392
104,667832474953625600,1,miniature_pinscher,0.2142
105,667861340749471744,1,malamute,0.967275
109,667885044254572545,1,malamute,0.0885297
110,667886921285246976,1,Pomeranian,0.8004319999999999
111,667902449697558528,1,Norwegian_elkhound,0.298881
114,667924896115245057,1,Labrador_retriever,0.209051
116,668113020489474048,1,Pembroke,0.548896
119,668171859951755264,1,Chihuahua,0.664834
120,668190681446379520,1,Blenheim_spaniel,0.958402
121,668204964695683073,1,Labrador_retriever,0.65518
122,668221241640230912,1,chow,0.395101
124,668237644992782336,1,chow,0.8093199999999999
125,668248472370458624,1,Chihuahua,0.7345470000000001
127,668268907921326080,1,Pembroke,0.48483
128,668274247790391296,1,soft-coated_wheaten_terrier,0.406374
129,668286279830867968,1,golden_retriever,0.215944
134,668484198282485761,1,standard_poodle,0.587372
135,668496999348633600,1,Staffordshire_bullterrier,0.412879
136,668507509523615744,1,basenji,0.0553794
137,668528771708952576,1,Labrador_retriever,0.195835
138,668537837512433665,1,Lakeland_terrier,0.372988
139,668542336805281792,1,American_Staffordshire_terrier,0.267695
141,668567822092664832,1,Shih-Tzu,0.985649
144,668623201287675904,4,Chihuahua,0.708163
146,668627278264475648,1,French_bulldog,0.965403
147,668631377374486528,1,miniature_schnauzer,0.904549
148,668633411083464705,1,Pekinese,0.589011
149,668636665813057536,1,komondor,0.999956
153,668655139528511488,1,beagle,0.31911
154,668779399630725120,1,Chesapeake_Bay_retriever,0.285508
155,668815180734689280,1,redbone,0.461172
156,668826086256599040,1,malinois,0.640185
157,668852170888998912,1,golden_retriever,0.903529
159,668892474547511297,1,kelpie,0.421979
160,668902994700836864,1,Brittany_spaniel,0.828425
161,668932921458302977,1,standard_poodle,0.237638
162,668955713004314625,1,cocker_spaniel,0.367492
164,668975677807423489,1,basset,0.605437
165,668979806671884288,1,golden_retriever,0.608537
169,668989615043424256,1,pug,0.917326
172,669000397445533696,1,Pembroke,0.82294
173,669006782128353280,1,Chihuahua,0.127178
175,669037058363662336,1,Chihuahua,0.803528
176,669203728096960512,1,pug,0.910452
178,669216679721873412,1,golden_retriever,0.992758
180,669327207240699904,1,golden_retriever,0.919584
181,669328503091937280,1,Siberian_husky,0.424202
184,669354382627049472,1,Chihuahua,0.97399
185,669359674819481600,1,Labrador_retriever,0.367818
186,669363888236994561,1,golden_retriever,0.539004
187,669367896104181761,1,basset,0.749394
188,669371483794317312,1,Brabancon_griffon,0.483268
189,669375718304980992,1,Airedale,0.168762
190,669393256313184256,1,cocker_spaniel,0.359843
191,669564461267722241,1,toy_poodle,0.623685
192,669567591774625800,1,Chihuahua,0.980511
194,669573570759163904,1,West_Highland_white_terrier,0.946828
196,669597912108789760,1,Eskimo_dog,0.595665
197,669603084620980224,1,Maltese_dog,0.659619
200,669680153564442624,1,dalmatian,0.141257
202,669683899023405056,1,Pomeranian,0.998275
204,669753178989142016,1,Pembroke,0.8584940000000001
206,669926384437997569,1,Pomeranian,0.984231
207,669942763794931712,1,vizsla,0.743216
208,669970042633789440,1,miniature_pinscher,0.734744
211,670003130994700288,1,beagle,0.375313
214,670046952931721218,1,Blenheim_spaniel,0.998335
216,670061506722140161,1,Italian_greyhound,0.329339
218,670073503555706880,1,malamute,0.6018859999999999
220,670086499208155136,1,German_short-haired_pointer,0.273492
221,670093938074779648,1,toy_poodle,0.383346
222,670290420111441920,1,Chihuahua,0.368876
223,670303360680108032,1,Shetland_sheepdog,0.380278
224,670319130621435904,1,Irish_terrier,0.254856
225,670338931251150849,1,cairn,0.245033
227,670374371102445568,1,English_springer,0.974936
228,670385711116361728,1,whippet,0.178027
229,670403879788544000,1,pug,0.8022229999999999
231,670411370698022913,1,Maltese_dog,0.584397
234,670421925039075328,1,Chihuahua,0.275793
236,670428280563085312,1,chow,0.335269
240,670442337873600512,1,Sussex_spaniel,0.403552
241,670444955656130560,1,English_springer,0.403698
248,670676092097810432,1,Dandie_Dinmont,0.6761020000000001
249,670679630144274432,1,Ibizan_hound,0.34273400000000004
250,670691627984359425,1,Shetland_sheepdog,0.07112439999999999
251,670704688707301377,1,Norwich_terrier,0.419838
252,670717338665226240,1,Pomeranian,0.368161
255,670755717859713024,1,keeshond,0.994065
256,670764103623966721,1,Norfolk_terrier,0.17285
257,670778058496974848,1,pug,0.776612
258,670780561024270336,1,Labrador_retriever,0.244889
259,670782429121134593,1,Chihuahua,0.952963
262,670789397210615808,1,beagle,0.295966
264,670797304698376195,1,Pembroke,0.472197
265,670803562457407488,1,basenji,0.34410100000000005
266,670804601705242624,1,Pomeranian,0.86856
267,670807719151067136,1,Old_English_sheepdog,0.958035
268,670811965569282048,1,basset,0.99409
269,670815497391357952,1,American_Staffordshire_terrier,0.919714
271,670823764196741120,1,Labrador_retriever,0.947453
273,670832455012716544,1,malinois,0.31760700000000003
274,670833812859932673,1,Pekinese,0.609853
276,670840546554966016,1,Shih-Tzu,0.963622
278,670995969505435648,1,redbone,0.8662209999999999
279,671109016219725825,1,basenji,0.855959
280,671115716440031232,1,malinois,0.406341
282,671134062904504320,1,Shih-Tzu,0.18038
283,671138694582165504,1,Samoyed,0.587342
285,671147085991960577,1,Yorkshire_terrier,0.4672020000000001
286,671151324042559489,1,Rottweiler,0.781201
287,671154572044468225,1,Labrador_retriever,0.495047
291,671182547775299584,1,Rottweiler,0.331179
292,671186162933985280,1,Chihuahua,0.319106
294,671355857343524864,1,miniature_poodle,0.313811
295,671357843010908160,1,Italian_greyhound,0.831757
298,671485057807351808,1,Samoyed,0.627901
299,671486386088865792,1,German_shepherd,0.8270350000000001
302,671504605491109889,1,toy_poodle,0.259115
304,671518598289059840,1,Lakeland_terrier,0.428275
305,671520732782923777,1,Pomeranian,0.551031
306,671528761649688577,1,Doberman,0.782626
308,671536543010570240,1,pug,0.537652
310,671542985629241344,1,Shetland_sheepdog,0.980339
313,671561002136281088,1,Gordon_setter,0.4693729999999999
314,671729906628341761,1,kuvasz,0.431469
316,671743150407421952,1,toy_poodle,0.4194270000000001
319,671768281401958400,2,Chihuahua,0.500373
320,671789708968640512,1,dalmatian,0.114259
322,671866342182637568,1,Labrador_retriever,0.8756139999999999
326,671891728106971137,1,Labrador_retriever,0.567933
327,671896809300709376,1,chow,0.243529
328,672068090318987265,1,pug,0.8633850000000001
330,672095186491711488,1,pug,0.794087
332,672139350159835138,1,Rottweiler,0.29099200000000003
333,672160042234327040,1,pug,0.561027
334,672169685991993344,1,cocker_spaniel,0.991011
336,672222792075620352,1,beagle,0.958178
338,672239279297454080,1,pug,0.332536
339,672245253877968896,1,Chihuahua,0.7189439999999999
340,672248013293752320,1,Irish_terrier,0.413173
341,672254177670729728,1,pug,0.979487
343,672264251789176834,1,Chihuahua,0.6098600000000001
344,672267570918129665,1,Irish_terrier,0.716932
345,672272411274932228,2,pug,0.914685
346,672466075045466113,1,cocker_spaniel,0.150424
348,672481316919734272,1,Border_collie,0.599454
349,672482722825261057,1,West_Highland_white_terrier,0.5861729999999999
350,672488522314567680,1,Doberman,0.605358
351,672523490734551040,1,golden_retriever,0.5659810000000001
354,672591762242805761,1,kuvasz,0.777659
355,672594978741354496,1,Great_Pyrenees,0.755945
356,672604026190569472,1,toy_poodle,0.8201579999999999
359,672622327801233409,1,golden_retriever,0.952773
360,672640509974827008,1,Chesapeake_Bay_retriever,0.420155
362,672834301050937345,1,Pembroke,0.5825600000000001
363,672877615439593473,1,Chihuahua,0.412362
367,672964561327235073,1,Chihuahua,0.292343
368,672968025906282496,1,toy_poodle,0.678046
370,672975131468300288,1,pug,0.8364209999999999
373,672988786805112832,1,Lakeland_terrier,0.8366319999999999
374,672995267319328768,1,French_bulldog,0.7195590000000001
375,672997845381865473,1,chow,0.517255
377,673213039743795200,1,schipperke,0.8880819999999999
378,673240798075449344,1,Airedale,0.443004
379,673270968295534593,1,Shih-Tzu,0.610453
380,673295268553605120,1,golden_retriever,0.889241
381,673317986296586240,2,miniature_pinscher,0.384099
382,673320132811366400,3,Samoyed,0.978833
384,673343217010679808,1,Chihuahua,0.541408
386,673350198937153538,1,West_Highland_white_terrier,0.11918800000000003
387,673352124999274496,1,golden_retriever,0.672808
388,673355879178194945,1,Rottweiler,0.5292479999999999
389,673359818736984064,1,English_setter,0.6965680000000001
392,673580926094458881,1,beagle,0.985062
394,673612854080196609,1,Newfoundland,0.223101
396,673656262056419329,1,bull_mastiff,0.700625
397,673662677122719744,1,Labrador_retriever,0.95767
398,673680198160809984,1,Samoyed,0.989853
399,673686845050527744,1,Pekinese,0.185903
400,673688752737402881,1,soft-coated_wheaten_terrier,0.340806
401,673689733134946305,1,Chesapeake_Bay_retriever,0.38222
404,673705679337693185,1,Shih-Tzu,0.165383
405,673707060090052608,1,German_short-haired_pointer,0.935771
406,673708611235921920,1,golden_retriever,0.936333
407,673709992831262724,1,Chihuahua,0.330171
408,673711475735838725,1,Maltese_dog,0.607401
410,673887867907739649,2,Brabancon_griffon,0.216767
413,673956914389192708,1,pug,0.5861609999999999
415,674014384960745472,1,Pembroke,0.74232
416,674019345211760640,1,collie,0.992732
417,674024893172875264,1,Pomeranian,0.6485
418,674036086168010753,1,toy_poodle,0.685617
419,674038233588723717,1,Eskimo_dog,0.358459
420,674042553264685056,1,toy_poodle,0.927975
422,674051556661161984,1,Shih-Tzu,0.179777
423,674053186244734976,1,Cardigan,0.984725
425,674075285688614912,1,Airedale,0.305392
426,674082852460433408,1,Pomeranian,0.666957
427,674255168825880576,1,Eskimo_dog,0.615741
428,674262580978937856,1,Greater_Swiss_Mountain_dog,0.519428
430,674269164442398721,1,pug,0.6229210000000001
431,674271431610523648,1,German_shepherd,0.991454
432,674291837063053312,1,Cardigan,0.611525
437,674416750885273600,1,Chihuahua,0.28720100000000004
438,674422304705744896,1,golden_retriever,0.964497
440,674447403907457024,1,Brabancon_griffon,0.409909
441,674468880899788800,2,chow,0.52623
443,674638615994089473,1,Pomeranian,0.846986
445,674646392044941312,1,flat-coated_retriever,0.837448
447,674670581682434048,1,malamute,0.180079
449,674737130913071104,1,Pomeranian,0.948537
450,674739953134403584,1,Dandie_Dinmont,0.17591500000000002
451,674743008475090944,1,Bernese_mountain_dog,0.583054
452,674752233200820224,2,vizsla,0.665516
454,674764817387900928,2,Samoyed,0.634695
456,674774481756377088,1,Chihuahua,0.407016
458,674788554665512960,1,miniature_poodle,0.349561
459,674790488185167872,1,Labrador_retriever,0.8019029999999999
460,674793399141146624,1,giant_schnauzer,0.119693
461,674800520222154752,1,Pembroke,0.8764790000000001
462,674805413498527744,1,English_springer,0.594467
463,674999807681908736,1,Rottweiler,0.591829
464,675003128568291329,1,Pembroke,0.655279
465,675006312288268288,1,boxer,0.654697
467,675047298674663426,1,Samoyed,0.978007
468,675109292475830276,1,dalmatian,0.989519
469,675111688094527488,1,Labrador_retriever,0.631501
472,675145476954566656,1,Labrador_retriever,0.458746
474,675147105808306176,1,golden_retriever,0.949215
475,675149409102012420,1,chow,0.999876
478,675334060156301312,2,Pembroke,0.773135
479,675349384339542016,3,borzoi,0.866367
481,675362609739206656,1,Labrador_retriever,0.479008
482,675372240448454658,1,Chihuahua,0.4163850000000001
483,675432746517426176,1,Labrador_retriever,0.986548
485,675489971617296384,1,West_Highland_white_terrier,0.139613
486,675497103322386432,1,vizsla,0.5195890000000001
488,675517828909424640,1,Scottish_deerhound,0.240591
489,675522403582218240,1,cocker_spaniel,0.299708
490,675531475945709568,1,Pembroke,0.918441
491,675534494439489536,1,chow,0.749368
492,675706639471788032,1,English_springer,0.9903
494,675710890956750848,2,standard_schnauzer,0.4414270000000001
495,675740360753160193,1,golden_retriever,0.800495
496,675781562965868544,1,Maltese_dog,0.921968
497,675798442703122432,1,beagle,0.681218
498,675820929667219457,1,basset,0.556373
499,675822767435051008,1,Pomeranian,0.4607100000000001
500,675845657354215424,1,pug,0.8839520000000001
501,675853064436391936,1,Labrador_retriever,0.868367
502,675870721063669760,1,golden_retriever,0.263892
504,675888385639251968,1,West_Highland_white_terrier,0.672117
505,675891555769696257,1,Italian_greyhound,0.305637
506,675898130735476737,1,Labrador_retriever,0.40743
507,676089483918516224,1,bull_mastiff,0.743808
509,676101918813499392,1,Shih-Tzu,0.225848
510,676146341966438401,1,Irish_water_spaniel,0.388332
511,676191832485810177,2,Chihuahua,0.376741
514,676237365392908289,1,French_bulldog,0.961996
516,676430933382295552,1,golden_retriever,0.583875
517,676440007570247681,2,Maltese_dog,0.579472
518,676470639084101634,1,golden_retriever,0.7903859999999999
519,676496375194980353,1,pug,0.985387
520,676533798876651520,1,chow,0.26527399999999995
523,676588346097852417,1,Boston_bull,0.976577
524,676603393314578432,1,whippet,0.8770209999999999
527,676617503762681856,1,Chihuahua,0.841084
529,676811746707918848,1,Chihuahua,0.440916
531,676821958043033607,2,Great_Pyrenees,0.8698040000000001
532,676864501615042560,1,Chesapeake_Bay_retriever,0.371146
534,676936541936185344,1,Chesapeake_Bay_retriever,0.5452859999999999
536,676946864479084545,1,Pekinese,0.752707
538,676949632774234114,1,Welsh_springer_spaniel,0.206479
539,676957860086095872,1,Labrador_retriever,0.772423
540,676975532580409345,1,malamute,0.363257
541,677187300187611136,1,English_setter,0.282396
543,677269281705472000,1,Shetland_sheepdog,0.656616
544,677301033169788928,1,Japanese_spaniel,0.6611779999999999
545,677314812125323265,2,Blenheim_spaniel,0.924127
547,677331501395156992,1,beagle,0.313464
548,677334615166730240,2,Lakeland_terrier,0.859392
549,677530072887205888,1,Staffordshire_bullterrier,0.6892590000000001
550,677547928504967168,1,American_Staffordshire_terrier,0.914978
552,677565715327688705,1,basset,0.397295
554,677644091929329666,1,Chihuahua,0.626236
556,677673981332312066,1,Maltese_dog,0.817908
557,677687604918272002,1,Pembroke,0.573047
558,677698403548192770,1,Shih-Tzu,0.916645
559,677700003327029250,1,Siberian_husky,0.120849
561,677895101218201600,1,dalmatian,0.550702
562,677918531514703872,1,Eskimo_dog,0.199347
563,678021115718029313,1,miniature_pinscher,0.822048
564,678255464182861824,1,Chihuahua,0.613819
565,678278586130948096,1,Maltese_dog,0.897841
566,678334497360859136,1,Norfolk_terrier,0.378643
567,678341075375947776,1,golden_retriever,0.853284
569,678389028614488064,1,miniature_pinscher,0.516284
570,678396796259975168,2,Pembroke,0.95618
572,678410210315247616,1,schipperke,0.145877
573,678424312106393600,1,Maltese_dog,0.759945
574,678446151570427904,1,Staffordshire_bullterrier,0.284492
575,678643457146150913,1,Labrador_retriever,0.33875700000000003
578,678755239630127104,1,malamute,0.606654
579,678764513869611008,1,Irish_terrier,0.696646
581,678774928607469569,1,Pembroke,0.194681
582,678798276842360832,1,Airedale,0.583122
583,678800283649069056,1,Labrador_retriever,0.213673
584,678969228704284672,1,Labrador_retriever,0.680251
585,678991772295516161,1,Eskimo_dog,0.330216
588,679111216690831360,1,kelpie,0.189423
589,679132435750195208,1,Scottish_deerhound,0.19461
590,679148763231985668,1,Italian_greyhound,0.302685
591,679158373988876288,1,pug,0.27220500000000003
592,679462823135686656,1,toy_poodle,0.62178
593,679475951516934144,1,Maltese_dog,0.145742
595,679511351870550016,1,Chihuahua,0.761972
597,679530280114372609,1,dalmatian,0.750256
598,679722016581222400,1,boxer,0.459604
600,679736210798047232,1,French_bulldog,0.319139
601,679777920601223168,1,bloodhound,0.5288189999999999
602,679828447187857408,3,Chihuahua,0.346545
603,679844490799091713,1,Airedale,0.903832
605,679862121895714818,1,EntleBucher,0.5232060000000001
607,680055455951884288,1,Samoyed,0.995466
610,680100725817409536,1,golden_retriever,0.6989609999999999
611,680115823365742593,1,pug,0.999365
612,680130881361686529,1,Maltese_dog,0.199121
613,680145970311643136,1,miniature_poodle,0.457117
614,680161097740095489,1,bluetick,0.268681
616,680191257256136705,1,Brittany_spaniel,0.7332529999999999
620,680473011644985345,1,Lakeland_terrier,0.796694
621,680494726643068929,1,kuvasz,0.438627
622,680497766108381184,1,Chihuahua,0.538354
624,680609293079592961,1,French_bulldog,0.700764
626,680801747103793152,1,pug,0.99672
627,680836378243002368,3,Pembroke,0.427781
628,680889648562991104,1,Shetland_sheepdog,0.876337
629,680913438424612864,1,Pomeranian,0.615678
630,680934982542561280,1,Labrador_retriever,0.7843979999999999
631,680940246314430465,1,soft-coated_wheaten_terrier,0.289598
633,680970795137544192,1,pug,0.713102
634,681193455364796417,1,Pomeranian,0.992619
635,681231109724700672,1,Irish_setter,0.406047
637,681261549936340994,1,Tibetan_terrier,0.382101
638,681281657291280384,1,Saint_Bernard,0.99883
639,681297372102656000,1,Lhasa,0.482401
641,681320187870711809,1,Samoyed,0.362596
643,681523177663676416,1,Norfolk_terrier,0.205067
644,681579835668455424,1,Rottweiler,0.760671
645,681610798867845120,1,toy_poodle,0.8217040000000001
646,681654059175129088,1,Pomeranian,0.800538
648,681694085539872773,1,toy_poodle,0.920992
649,681891461017812993,1,Chihuahua,0.20357
650,681981167097122816,1,Labrador_retriever,0.4525770000000001
652,682032003584274432,1,schipperke,0.997953
656,682259524040966145,1,Siberian_husky,0.43967
658,682389078323662849,1,curly-coated_retriever,0.482288
659,682393905736888321,1,vizsla,0.657275
661,682429480204398592,1,whippet,0.594701
662,682638830361513985,1,English_springer,0.440781
663,682662431982772225,1,beagle,0.413824
665,682750546109968385,1,English_setter,0.947198
668,683030066213818368,1,boxer,0.722218
670,683098815881154561,1,golden_retriever,0.889848
671,683111407806746624,1,cocker_spaniel,0.901392
672,683142553609318400,1,Leonberg,0.605851
673,683357973142474752,1,Pembroke,0.406509
674,683391852557561860,1,French_bulldog,0.992833
675,683449695444799489,1,Lakeland_terrier,0.303512
676,683462770029932544,1,Italian_greyhound,0.39956
677,683481228088049664,1,keeshond,0.508951
678,683498322573824003,1,Airedale,0.945362
679,683742671509258241,1,Pembroke,0.895279
680,683773439333797890,1,miniature_pinscher,0.0728852
681,683828599284170753,1,malamute,0.577376
682,683834909291606017,1,Maltese_dog,0.738449
684,683852578183077888,1,toy_poodle,0.5513520000000001
685,683857920510050305,1,bluetick,0.174738
686,684097758874210310,1,Labrador_retriever,0.6278560000000001
688,684177701129875456,1,chow,0.334783
689,684188786104872960,1,kelpie,0.537782
690,684195085588783105,1,Chihuahua,0.379365
692,684222868335505415,1,soft-coated_wheaten_terrier,0.7911819999999999
693,684225744407494656,2,golden_retriever,0.203249
694,684241637099323392,1,Pembroke,0.508498
695,684460069371654144,1,Labrador_retriever,0.673691
696,684481074559381504,1,Chihuahua,0.93781
697,684538444857667585,1,Chihuahua,0.702583
699,684594889858887680,1,Weimaraner,0.948688
700,684800227459624960,1,miniature_schnauzer,0.294457
702,684902183876321280,1,Pembroke,0.708034
704,684926975086034944,1,Labrador_retriever,0.769412
705,684940049151070208,2,Border_collie,0.665578
707,685169283572338688,1,Bernese_mountain_dog,0.975096
709,685268753634967552,1,pug,0.999044
710,685307451701334016,1,Pomeranian,0.963176
711,685315239903100929,2,chow,0.470162
712,685321586178670592,1,Boston_bull,0.972483
713,685325112850124800,1,golden_retriever,0.586937
716,685641971164143616,1,Lakeland_terrier,0.253839
717,685663452032069632,1,Chesapeake_Bay_retriever,0.171174
719,685906723014619143,1,Yorkshire_terrier,0.414963
720,685943807276412928,1,papillon,0.200812
721,685973236358713344,1,Siberian_husky,0.450678
723,686007916130873345,1,Rhodesian_ridgeback,0.885301
724,686034024800862208,1,Great_Dane,0.23692
725,686050296934563840,1,Pomeranian,0.985789
726,686358356425093120,1,pug,0.985237
727,686377065986265092,1,German_shepherd,0.830816
728,686386521809772549,1,Yorkshire_terrier,0.477704
729,686606069955735556,1,Labrador_retriever,0.320012
730,686618349602762752,1,Rottweiler,0.441331
731,686683045143953408,1,Norwich_terrier,0.100499
732,686730991906516992,1,Tibetan_mastiff,0.338812
735,687096057537363968,1,Labrador_retriever,0.417107
737,687109925361856513,2,borzoi,0.883086
739,687127927494963200,1,pug,0.178205
741,687317306314240000,1,Shih-Tzu,0.747208
742,687460506001633280,1,Boston_bull,0.223366
744,687480748861947905,1,English_springer,0.472273
745,687494652870668288,1,Rottweiler,0.391471
746,687664829264453632,1,pug,0.957365
747,687704180304273409,1,miniature_pinscher,0.956063
748,687807801670897665,1,Staffordshire_bullterrier,0.151113
749,687818504314159109,1,Lakeland_terrier,0.873029
750,687826841265172480,1,Pomeranian,0.99721
751,688064179421470721,1,Eskimo_dog,0.240602
752,688116655151435777,1,pug,0.973819
755,688385280030670848,2,golden_retriever,0.900437
756,688519176466644993,1,Pembroke,0.696372
757,688547210804498433,1,papillon,0.531279
758,688789766343622656,1,American_Staffordshire_terrier,0.5996600000000001
759,688804835492233216,3,malinois,0.199512
760,688828561667567616,1,Cardigan,0.6142310000000001
762,688898160958271489,1,Ibizan_hound,0.8531700000000001
764,688916208532455424,1,Pembroke,0.430544
765,689143371370250240,1,English_springer,0.303781
766,689154315265683456,1,cocker_spaniel,0.816044
767,689275259254616065,1,American_Staffordshire_terrier,0.215161
768,689280876073582592,3,Chihuahua,0.6375460000000001
769,689283819090870273,1,Scotch_terrier,0.267979
771,689517482558820352,1,Pembroke,0.799319
772,689557536375177216,1,Eskimo_dog,0.169482
774,689623661272240129,1,toy_poodle,0.279604
776,689661964914655233,1,Italian_greyhound,0.322818
777,689835978131935233,1,collie,0.600186
778,689877686181715968,1,Old_English_sheepdog,0.26915500000000003
779,689905486972461056,4,Pomeranian,0.943331
781,689999384604450816,1,standard_poodle,0.444499
782,690005060500217858,1,Samoyed,0.270287
783,690015576308211712,2,malamute,0.949609
786,690360449368465409,1,pug,0.686933
787,690374419777196032,1,kuvasz,0.286345
788,690400367696297985,1,Pembroke,0.426459
789,690597161306841088,1,Lhasa,0.0974997
792,690728923253055490,1,kuvasz,0.422806
793,690735892932222976,1,golden_retriever,0.883229
796,690959652130045952,2,golden_retriever,0.862964
798,691096613310316544,1,borzoi,0.441269
799,691321916024623104,1,Rottweiler,0.508981
800,691416866452082688,1,Lakeland_terrier,0.530104
801,691444869282295808,2,Bernese_mountain_dog,0.767563
802,691459709405118465,1,Shetland_sheepdog,0.5512060000000001
803,691483041324204033,1,bloodhound,0.886232
804,691675652215414786,1,Chihuahua,0.182898
805,691756958957883396,1,Saint_Bernard,0.342571
807,692017291282812928,1,Tibetan_terrier,0.247565
808,692142790915014657,3,toy_poodle,0.670068
809,692158366030913536,1,pug,0.956565
810,692187005137076224,2,Siberian_husky,0.810592
812,692530551048294401,1,Siberian_husky,0.486428
813,692535307825213440,1,pug,0.41309
814,692568918515392513,2,golden_retriever,0.636845
815,692752401762250755,1,Samoyed,0.471276
816,692828166163931137,1,Samoyed,0.985857
817,692894228850999298,1,German_short-haired_pointer,0.876977
818,692901601640583168,1,soft-coated_wheaten_terrier,0.403496
819,692905862751522816,1,Mexican_hairless,0.162638
820,692919143163629568,1,Saint_Bernard,0.612635
822,693109034023534592,1,cocker_spaniel,0.740013
823,693155686491000832,3,Shih-Tzu,0.69748
824,693231807727280129,1,vizsla,0.8764129999999999
825,693262851218264065,1,golden_retriever,0.989333
826,693280720173801472,1,Labrador_retriever,0.340008
829,693622659251335168,1,malamute,0.449298
830,693629975228977152,1,pug,0.841987
831,693642232151285760,1,Scottish_deerhound,0.111893
833,693942351086120961,1,groenendael,0.550796
834,694001791655137281,1,Pembroke,0.769999
836,694206574471057408,1,Shih-Tzu,0.352547
837,694329668942569472,1,boxer,0.99006
838,694352839993344000,2,Australian_terrier,0.407886
842,695051054296211456,1,Boston_bull,0.761454
844,695074328191332352,1,Shih-Tzu,0.5101060000000001
845,695095422348574720,1,papillon,0.227784
846,695314793360662529,2,Maltese_dog,0.678547
847,695409464418041856,1,pug,0.997445
848,695446424020918272,1,basenji,0.748904
849,695629776980148225,1,Old_English_sheepdog,0.693857
850,695767669421768709,1,soft-coated_wheaten_terrier,0.805139
851,695794761660297217,1,Samoyed,0.962139
852,695816827381944320,1,Pomeranian,0.382234
853,696405997980676096,1,borzoi,0.132845
854,696488710901260288,1,briard,0.369063
858,696886256886657024,1,kuvasz,0.383941
859,696894894812565505,1,Appenzeller,0.665628
860,696900204696625153,1,Chihuahua,0.297735
862,697255105972801536,1,Great_Dane,0.173989
863,697259378236399616,1,Great_Dane,0.999223
864,697270446429966336,1,toy_poodle,0.880014
865,697463031882764288,1,Labrador_retriever,0.999885
868,697596423848730625,1,Shetland_sheepdog,0.621668
869,697616773278015490,1,Lhasa,0.521931
871,697943111201378304,1,Great_Dane,0.126924
872,697990423684476929,2,Pembroke,0.984783
873,697995514407682048,1,Staffordshire_bullterrier,0.280222
874,698178924120031232,1,Chesapeake_Bay_retriever,0.351868
875,698195409219559425,1,Labrador_retriever,0.64369
876,698262614669991936,1,Italian_greyhound,0.107948
877,698342080612007937,1,boxer,0.8830479999999999
878,698355670425473025,1,pug,0.990191
879,698549713696649216,1,French_bulldog,0.998544
880,698635131305795584,1,Samoyed,0.15846400000000002
881,698703483621523456,1,Brittany_spaniel,0.931963
882,698710712454139905,1,Samoyed,0.329895
883,698907974262222848,3,German_short-haired_pointer,0.983131
884,698953797952008193,1,Italian_greyhound,0.382378
885,698989035503689728,1,Norfolk_terrier,0.24634
886,699036661657767936,1,Chihuahua,0.222943
887,699072405256409088,1,Shih-Tzu,0.599587
888,699079609774645248,3,schipperke,0.667324
890,699323444782047232,1,Labrador_retriever,0.309696
891,699370870310113280,1,cairn,0.337557
892,699413908797464576,1,Samoyed,0.517479
893,699423671849451520,1,pug,0.99786
894,699434518667751424,1,golden_retriever,0.836572
895,699446877801091073,3,Pembroke,0.9694
897,699775878809702401,1,Dandie_Dinmont,0.271683
898,699779630832685056,1,malinois,0.706038
899,699788877217865730,1,Border_terrier,0.35506
900,699801817392291840,2,golden_retriever,0.808978
901,700002074055016451,1,Chihuahua,0.369488
902,700029284593901568,1,West_Highland_white_terrier,0.726571
904,700143752053182464,1,golden_retriever,0.53246
906,700167517596164096,1,beagle,0.16258499999999998
909,700518061187723268,1,American_Staffordshire_terrier,0.569501
910,700747788515020802,1,Great_Pyrenees,0.481333
912,700847567345688576,1,Rhodesian_ridgeback,0.252514
913,700864154249383937,1,kuvasz,0.8058569999999999
915,701214700881756160,1,Chihuahua,0.615163
916,701545186879471618,1,Border_collie,0.280893
917,701570477911896070,1,Yorkshire_terrier,0.90799
918,701601587219795968,1,Chihuahua,0.993661
919,701889187134500865,1,French_bulldog,0.902856
920,701952816642965504,1,toy_poodle,0.33170700000000003
921,701981390485725185,1,Pomeranian,0.491022
922,702217446468493312,1,golden_retriever,0.242419
923,702276748847800320,1,Boston_bull,0.697303
924,702321140488925184,3,West_Highland_white_terrier,0.769159
925,702539513671897089,3,Pomeranian,0.714367
926,702598099714314240,1,kelpie,0.219179
927,702671118226825216,1,bloodhound,0.381227
928,702684942141153280,1,golden_retriever,0.514085
931,703079050210877440,2,Pembroke,0.778503
933,703356393781329922,1,Border_collie,0.894842
934,703382836347330562,2,golden_retriever,0.945664
936,703425003149250560,1,miniature_pinscher,0.292866
937,703611486317502464,1,Pembroke,0.756441
939,703769065844768768,2,boxer,0.838994
940,703774238772166656,1,Labrador_retriever,0.990119
941,704054845121142784,1,Great_Pyrenees,0.6679390000000001
944,704364645503647744,1,Pembroke,0.980695
945,704480331685040129,1,Samoyed,0.979206
946,704499785726889984,1,Chihuahua,0.376541
949,704847917308362754,1,golden_retriever,0.85724
950,704859558691414016,1,pug,0.284428
951,704871453724954624,1,Norfolk_terrier,0.689504
952,705066031337840642,1,Airedale,0.868658
953,705102439679201280,1,collie,0.457672
955,705239209544720384,1,Chihuahua,0.15795
956,705428427625635840,1,Chihuahua,0.774792
957,705442520700944385,1,Great_Pyrenees,0.309106
958,705475953783398401,1,golden_retriever,0.908784
959,705591895322394625,1,basenji,0.877207
961,705898680587526145,1,collie,0.808276
962,705970349788291072,1,golden_retriever,0.776346
963,705975130514706432,1,Staffordshire_bullterrier,0.5877640000000001
964,706166467411222528,1,Samoyed,0.430418
965,706265994973601792,1,papillon,0.743715
966,706291001778950144,1,Border_terrier,0.587101
967,706310011488698368,1,Pembroke,0.6981649999999999
968,706346369204748288,1,Tibetan_mastiff,0.956462
969,706516534877929472,1,golden_retriever,0.7726850000000001
970,706538006853918722,1,chow,0.541794
973,706681918348251136,1,toy_poodle,0.717584
975,707014260413456384,1,Chihuahua,0.58378
976,707021089608753152,2,cocker_spaniel,0.559658
977,707038192327901184,1,pug,0.642426
978,707059547140169728,1,Samoyed,0.8973120000000001
979,707297311098011648,1,Blenheim_spaniel,0.370717
980,707315916783140866,2,Bernese_mountain_dog,0.979235
981,707377100785885184,1,golden_retriever,0.637225
982,707387676719185920,1,Chihuahua,0.888468
983,707411934438625280,1,Lakeland_terrier,0.7382770000000001
985,707610948723478529,1,golden_retriever,0.383223
987,707741517457260545,1,whippet,0.738371
988,707776935007539200,1,miniature_pinscher,0.890426
989,707969809498152960,1,toy_poodle,0.908491
991,708026248782585858,1,malinois,0.7864680000000001
992,708109389455101952,1,Staffordshire_bullterrier,0.5161060000000001
993,708119489313951744,1,Norwich_terrier,0.264483
994,708130923141795840,1,French_bulldog,0.710354
995,708149363256774660,1,Cardigan,0.350993
997,708356463048204288,2,pug,0.871283
998,708469915515297792,1,Chihuahua,0.748163
999,708479650088034305,1,Shih-Tzu,0.218479
1001,708738143638450176,1,Pomeranian,0.933457
1002,708810915978854401,2,golden_retriever,0.976139
1003,708834316713893888,1,Eskimo_dog,0.283945
1004,708845821941387268,1,schipperke,0.74564
1006,709158332880297985,1,Siberian_husky,0.212957
1007,709198395643068416,1,borzoi,0.490783
1008,709207347839836162,1,Chihuahua,0.948323
1009,709225125749587968,1,Labrador_retriever,0.271109
1010,709409458133323776,1,Shetland_sheepdog,0.79745
1011,709449600415961088,2,Maltese_dog,0.780187
1012,709519240576036864,1,cocker_spaniel,0.414982
1013,709556954897764353,2,golden_retriever,0.790026
1014,709566166965075968,1,chow,0.999837
1015,709852847387627521,2,Chihuahua,0.945629
1017,709918798883774466,2,Pembroke,0.956222
1018,710117014656950272,2,toy_poodle,0.802092
1019,710140971284037632,1,Pekinese,0.95317
1021,710269109699739648,1,pug,0.415495
1022,710272297844797440,1,Old_English_sheepdog,0.586307
1023,710283270106132480,2,Shih-Tzu,0.932401
1024,710588934686908417,4,Pembroke,0.982004
1025,710658690886586372,1,soft-coated_wheaten_terrier,0.948617
1026,710833117892898816,1,Pembroke,0.803742
1028,710997087345876993,1,malamute,0.28126
1029,711008018775851008,1,French_bulldog,0.731405
1031,711363825979756544,1,Pembroke,0.7509060000000001
1035,711743778164514816,1,Lakeland_terrier,0.459515
1039,712085617388212225,2,Shih-Tzu,0.625129
1041,712097430750289920,1,Labrador_retriever,0.720481
1043,712668654853337088,1,Labrador_retriever,0.829058
1044,712717840512598017,1,Great_Pyrenees,0.732043
1045,712809025985978368,1,Labrador_retriever,0.8686709999999999
1047,713177543487135744,1,whippet,0.734244
1048,713411074226274305,1,Great_Pyrenees,0.720337
1049,713761197720473600,1,Brittany_spaniel,0.797936
1050,713900603437621249,1,golden_retriever,0.371816
1051,713919462244790272,1,Siberian_husky,0.463223
1052,714141408463036416,1,Labrador_retriever,0.586951
1053,714214115368108032,1,pug,0.533967
1054,714251586676113411,2,soft-coated_wheaten_terrier,0.751962
1055,714258258790387713,1,collie,0.176758
1056,714606013974974464,1,Norfolk_terrier,0.293007
1058,714957620017307648,1,Great_Pyrenees,0.251516
1059,714982300363173890,1,Brittany_spaniel,0.944376
1061,715200624753819648,1,Chihuahua,0.956787
1062,715220193576927233,1,Chihuahua,0.584026
1063,715342466308784130,1,West_Highland_white_terrier,0.597111
1065,715680795826982913,1,golden_retriever,0.990715
1066,715696743237730304,1,Staffordshire_bullterrier,0.427836
1067,715733265223708672,1,Dandie_Dinmont,0.740229
1068,715928423106027520,1,pug,0.976685
1069,716080869887381504,1,golden_retriever,0.638625
1070,716285507865542656,1,Yorkshire_terrier,0.43042
1071,716439118184652801,1,Siberian_husky,0.396495
1072,716791146589110272,1,Pomeranian,0.468751
1073,716802964044845056,2,malinois,0.619577
1074,717009362452090881,1,Siberian_husky,0.506154
1075,717047459982213120,1,golden_retriever,0.983548
1076,717421804990701568,2,miniature_pinscher,0.286479
1077,717537687239008257,1,golden_retriever,0.779356
1079,717841801130979328,1,Brittany_spaniel,0.922876
1080,718234618122661888,1,malamute,0.370152
1081,718246886998687744,1,Chihuahua,0.354488
1084,718540630683709445,2,Maltese_dog,0.632289
1085,718613305783398402,1,Labrador_retriever,0.58458
1086,718631497683582976,1,Pomeranian,0.993718
1087,718939241951195136,1,Pembroke,0.7663270000000001
1088,718971898235854848,1,golden_retriever,0.14039400000000002
1089,719332531645071360,1,Dandie_Dinmont,0.224415
1090,719339463458033665,1,golden_retriever,0.765778
1092,719551379208073216,1,malamute,0.873233
1094,719991154352222208,2,golden_retriever,0.605304
1095,720043174954147842,1,Samoyed,0.954517
1096,720059472081784833,1,Mexican_hairless,0.451852
1098,720389942216527872,1,Pembroke,0.873977
1099,720415127506415616,1,Rottweiler,0.990312
1100,720775346191278080,1,Newfoundland,0.48997
1101,720785406564900865,1,Chihuahua,0.8964219999999999
1102,721001180231503872,1,Samoyed,0.950053
1103,721503162398597120,3,Pomeranian,0.99775
1104,722613351520608256,1,Labrador_retriever,0.5309149999999999
1105,722974582966214656,1,Great_Dane,0.246762
1107,723673163800948736,1,golden_retriever,0.83939
1109,723912936180330496,1,Samoyed,0.991772
1111,724046343203856385,1,boxer,0.8262719999999999
1112,724049859469295616,1,Border_collie,0.581835
1113,724405726123311104,1,golden_retriever,0.240695
1114,724771698126512129,2,German_short-haired_pointer,0.835491
1115,724983749226668032,1,golden_retriever,0.67575
1116,725729321944506368,1,boxer,0.599076
1117,725786712245440512,1,chow,0.33576100000000003
1118,725842289046749185,1,toy_poodle,0.420463
1119,726224900189511680,1,standard_poodle,0.261112
1120,726828223124897792,1,miniature_pinscher,0.255327
1121,726887082820554753,1,soft-coated_wheaten_terrier,0.5159189999999999
1123,727175381690781696,2,flat-coated_retriever,0.656463
1125,727314416056803329,2,toy_poodle,0.827469
1126,727524757080539137,2,Pomeranian,0.958834
1127,727644517743104000,2,Great_Pyrenees,0.457164
1128,727685679342333952,1,Border_collie,0.462408
1129,728015554473250816,1,cocker_spaniel,0.384559
1131,728046963732717569,1,Newfoundland,0.255971
1132,728387165835677696,1,collie,0.266414
1135,728751179681943552,1,Saint_Bernard,0.48205
1136,728760639972315136,1,Pembroke,0.939134
1137,728986383096946689,2,Maltese_dog,0.95207
1139,729463711119904772,1,German_shepherd,0.829307
1140,729823566028484608,1,kelpie,0.218408
1144,730211855403241472,1,pug,0.341663
1145,730427201120833536,1,Eskimo_dog,0.682082
1146,730573383004487680,2,American_Staffordshire_terrier,0.810158
1149,731285275100512256,1,Pembroke,0.967103
1150,732005617171337216,1,English_setter,0.677408
1152,732585889486888962,2,Staffordshire_bullterrier,0.843359
1153,732726085725589504,1,Pomeranian,0.961902
1155,733109485275860992,1,golden_retriever,0.945523
1156,733460102733135873,1,chow,0.931275
1157,733482008106668032,1,French_bulldog,0.619382
1158,733822306246479872,1,Lhasa,0.457356
1159,733828123016450049,2,beagle,0.472324
1160,734776360183431168,1,Siberian_husky,0.304902
1161,734787690684657664,4,golden_retriever,0.883991
1162,734912297295085568,1,Maltese_dog,0.847292
1163,735137028879360001,1,Walker_hound,0.413535
1164,735256018284875776,1,Staffordshire_bullterrier,0.523191
1166,735635087207878657,1,pug,0.8918709999999999
1167,735648611367784448,1,Pembroke,0.462594
1168,735991953473572864,2,cocker_spaniel,0.961643
1169,736010884653420544,2,golden_retriever,0.553901
1170,736225175608430592,1,Labrador_retriever,0.399217
1172,736736130620620800,1,schipperke,0.545502
1175,737445876994609152,1,Samoyed,0.400568
1176,737678689543020544,1,Pembroke,0.935307
1177,737800304142471168,1,malamute,0.374682
1178,737826014890496000,1,vizsla,0.990391
1179,738156290900254721,1,pug,0.751758
1180,738166403467907072,2,keeshond,0.8788860000000001
1181,738184450748633089,1,Bedlington_terrier,0.289471
1182,738402415918125056,1,cocker_spaniel,0.346695
1183,738537504001953792,1,chow,0.808737
1184,738883359779196928,2,Labrador_retriever,0.691137
1186,739238157791694849,1,Eskimo_dog,0.503372
1187,739485634323156992,2,Walker_hound,0.640256
1188,739544079319588864,1,Labrador_retriever,0.967397
1189,739606147276148736,3,Blenheim_spaniel,0.933755
1190,739844404073074688,1,toy_poodle,0.342397
1191,739932936087216128,1,redbone,0.243904
1192,739979191639244800,1,Irish_water_spaniel,0.2858
1193,740214038584557568,1,Chesapeake_Bay_retriever,0.586414
1194,740359016048689152,1,golden_retriever,0.8636870000000001
1196,740373189193256964,3,golden_retriever,0.8076439999999999
1199,740711788199743490,1,toy_poodle,0.388277
1200,740995100998766593,1,malamute,0.454363
1201,741067306818797568,1,golden_retriever,0.843799
1202,741303864243200000,1,Chihuahua,0.7681560000000001
1203,741438259667034112,1,Chesapeake_Bay_retriever,0.292675
1204,741743634094141440,1,Labrador_retriever,0.786089
1205,741793263812808706,1,kuvasz,0.311325
1208,742385895052087300,1,Cardigan,0.5669109999999999
1209,742423170473463808,1,pug,0.99731
1212,743210557239623680,1,golden_retriever,0.930705
1213,743222593470234624,1,kuvasz,0.350629
1214,743253157753532416,1,malamute,0.442612
1218,743609206067040256,3,Weimaraner,0.982794
1219,743895849529389061,1,dalmatian,0.562315
1220,743980027717509120,1,bull_mastiff,0.97573
1221,744234799360020481,1,Labrador_retriever,0.825333
1222,744334592493166593,1,Samoyed,0.960543
1223,744709971296780288,1,Shetland_sheepdog,0.234431
1224,744971049620602880,1,toy_poodle,0.497755
1225,744995568523612160,1,Old_English_sheepdog,0.4274810000000001
1226,745057283344719872,2,Shetland_sheepdog,0.963985
1228,745422732645535745,1,Labrador_retriever,0.6638
1231,745789745784041472,1,Pekinese,0.984267
1232,746056683365994496,1,Shetland_sheepdog,0.43332
1233,746131877086527488,1,chow,0.575637
1234,746369468511756288,1,German_shepherd,0.622957
1235,746507379341139972,1,toy_poodle,0.508292
1236,746726898085036033,1,golden_retriever,0.25650500000000004
1237,746790600704425984,3,Boston_bull,0.936183
1239,746872823977771008,1,Pembroke,0.540201
1241,747103485104099331,1,Labrador_retriever,0.991954
1243,747219827526344708,2,Shetland_sheepdog,0.548018
1245,747512671126323200,1,Cardigan,0.111493
1246,747594051852075008,1,basenji,0.389136
1247,747600769478692864,1,Chesapeake_Bay_retriever,0.804363
1248,747816857231626240,1,Pembroke,0.7689229999999999
1249,747844099428986880,1,Pembroke,0.360428
1250,747885874273214464,1,kuvasz,0.40845
1251,747933425676525569,1,Samoyed,0.998201
1252,747963614829678593,1,kelpie,0.307672
1254,748324050481647620,1,Shetland_sheepdog,0.880499
1255,748346686624440324,1,borzoi,0.5964550000000001
1256,748568946752774144,1,Tibetan_terrier,0.32816100000000004
1259,748699167502000129,1,Pembroke,0.849029
1261,748932637671223296,1,borzoi,0.742912
1262,748977405889503236,1,German_short-haired_pointer,0.742216
1264,749064354620928000,2,pug,0.985222
1265,749317047558017024,1,wire-haired_fox_terrier,0.155144
1266,749395845976588288,1,Pomeranian,0.973715
1267,749403093750648834,1,Chesapeake_Bay_retriever,0.694541
1268,749417653287129088,2,papillon,0.772894
1269,749774190421639168,1,Pekinese,0.8790120000000001
1271,749996283729883136,1,Old_English_sheepdog,0.515319
1273,750026558547456000,1,standard_poodle,0.258732
1274,750041628174217216,1,Labrador_retriever,0.252031
1275,750056684286914561,1,Saluki,0.484428
1276,750071704093859840,2,redbone,0.382113
1277,750086836815486976,1,pug,0.978277
1278,750101899009982464,2,golden_retriever,0.316704
1279,750117059602808832,2,Shih-Tzu,0.814405
1280,750132105863102464,1,toy_poodle,0.4780180000000001
1281,750147208377409536,1,pug,0.977765
1282,750383411068534784,1,Border_collie,0.672791
1283,750429297815552001,1,golden_retriever,0.964929
1285,750719632563142656,1,Pembroke,0.972587
1286,750868782890057730,4,toy_poodle,0.912648
1287,751132876104687617,1,Labrador_retriever,0.92939
1288,751205363882532864,2,Labrador_retriever,0.947164
1289,751251247299190784,1,Walker_hound,0.178852
1290,751456908746354688,1,golden_retriever,0.714409
1291,751538714308972544,2,Labrador_retriever,0.516257
1292,751583847268179968,1,dalmatian,0.8683040000000001
1293,751598357617971201,1,toy_poodle,0.757756
1294,751830394383790080,1,chow,0.703569
1295,751937170840121344,1,Lakeland_terrier,0.4241680000000001
1296,752173152931807232,1,Labrador_retriever,0.527659
1298,752334515931054080,1,Bedlington_terrier,0.399163
1301,752682090207055872,2,German_shepherd,0.299966
1302,752917284578922496,1,German_shepherd,0.609283
1303,753026973505581056,3,Pembroke,0.868511
1304,753294487569522689,1,chow,0.194773
1305,753375668877008896,1,bluetick,0.36007100000000003
1306,753398408988139520,1,whippet,0.163794
1308,753655901052166144,1,miniature_pinscher,0.456092
1309,754011816964026368,1,French_bulldog,0.600985
1310,754120377874386944,1,chow,0.168909
1311,754449512966619136,1,beagle,0.858513
1314,754856583969079297,2,golden_retriever,0.8723850000000001
1315,754874841593970688,1,pug,0.27220500000000003
1316,755110668769038337,1,Labrador_retriever,0.708974
1318,755955933503782912,1,Pekinese,0.596882
1319,756275833623502848,1,Airedale,0.602957
1321,756303284449767430,1,golden_retriever,0.981652
1323,756651752796094464,1,Pembroke,0.294808
1324,756939218950160384,1,golden_retriever,0.790371
1325,756998049151549440,4,golden_retriever,0.678555
1326,757354760399941633,1,Italian_greyhound,0.914667
1327,757393109802180609,2,Labrador_retriever,0.787125
1331,757611664640446465,1,bluetick,0.829259
1336,758355060040593408,1,Pembroke,0.987643
1337,758405701903519748,4,Chesapeake_Bay_retriever,0.702954
1338,758467244762497024,1,Labrador_retriever,0.4363770000000001
1339,758474966123810816,1,Pembroke,0.546145
1340,758740312047005698,1,Chesapeake_Bay_retriever,0.848514
1341,758828659922702336,1,Chesapeake_Bay_retriever,0.480048
1343,759047813560868866,1,Labrador_retriever,0.778546
1344,759099523532779520,1,Shetland_sheepdog,0.12903399999999998
1345,759159934323924993,1,Irish_terrier,0.254856
1346,759197388317847553,1,kuvasz,0.5113409999999999
1347,759447681597108224,1,kuvasz,0.223148
1348,759557299618865152,2,golden_retriever,0.763333
1349,759566828574212096,1,Labrador_retriever,0.967397
1350,759793422261743616,2,golden_retriever,0.985876
1351,759846353224826880,1,Sussex_spaniel,0.355395
1352,759923798737051648,1,Labrador_retriever,0.324579
1355,760290219849637889,1,Old_English_sheepdog,0.3022
1356,760539183865880579,1,Samoyed,0.988013
1358,760656994973933572,1,golden_retriever,0.760546
1359,760893934457552897,1,Blenheim_spaniel,0.113992
1360,761004547850530816,1,golden_retriever,0.735163
1362,761292947749015552,1,standard_poodle,0.6608930000000001
1363,761334018830917632,1,Norwegian_elkhound,0.8229360000000001
1365,761599872357261312,1,Gordon_setter,0.240427
1368,761750502866649088,1,golden_retriever,0.586937
1369,761976711479193600,3,Labrador_retriever,0.475552
1372,762464539388485633,4,chow,0.999953
1373,762471784394268675,1,Samoyed,0.540276
1374,762699858130116608,1,kelpie,0.519047
1376,763183847194451968,1,miniature_poodle,0.354674
1377,763837565564780549,1,malamute,0.375098
1378,764259802650378240,1,German_shepherd,0.973677
1379,764857477905154048,1,Bernese_mountain_dog,0.7920590000000001
1380,765222098633691136,1,dalmatian,0.556595
1381,765371061932261376,2,golden_retriever,0.829456
1382,765395769549590528,1,Pembroke,0.509491
1383,765669560888528897,1,beagle,0.993333
1384,765719909049503744,1,golden_retriever,0.969518
1385,766008592277377025,1,Welsh_springer_spaniel,0.7281529999999999
1386,766069199026450432,1,redbone,0.484855
1387,766078092750233600,1,toy_poodle,0.420463
1388,766313316352462849,1,toy_poodle,0.966896
1389,766423258543644672,2,keeshond,0.995823
1390,766693177336135680,1,Doberman,0.948355
1391,766793450729734144,1,beagle,0.451697
1392,767122157629476866,2,toy_poodle,0.873841
1394,767500508068192258,1,chow,0.483228
1395,767754930266464257,1,vizsla,0.307794
1398,768473857036525572,1,Labrador_retriever,0.73917
1399,768596291618299904,1,Great_Pyrenees,0.729745
1400,768609597686943744,1,basenji,0.183283
1401,768855141948723200,1,chow,0.7202189999999999
1402,768970937022709760,1,Pomeranian,0.182358
1403,769212283578875904,1,golden_retriever,0.16653800000000002
1404,769695466921623552,1,pug,0.407117
1405,769940425801170949,1,miniature_pinscher,0.796313
1406,770069151037685760,1,Boston_bull,0.414965
1407,770093767776997377,1,golden_retriever,0.843799
1408,770293558247038976,1,Italian_greyhound,0.931668
1411,770772759874076672,1,chow,0.979515
1412,770787852854652928,1,Bernese_mountain_dog,0.787812
1415,771102124360998913,1,Labrador_retriever,0.568789
1417,771171053431250945,3,Samoyed,0.978833
1418,771380798096281600,1,collie,0.503728
1419,771500966810099713,1,Labrador_retriever,0.833952
1420,771770456517009408,1,papillon,0.53318
1421,772102971039580160,1,Pembroke,0.54178
1422,772114945936949249,1,Chihuahua,0.803293
1423,772117678702071809,1,Labrador_retriever,0.217821
1424,772152991789019136,2,golden_retriever,0.275318
1425,772193107915964416,1,Pembroke,0.367945
1426,772581559778025472,3,Newfoundland,0.574345
1427,772615324260794368,1,dalmatian,0.556595
1428,772826264096874500,1,basset,0.915351
1430,773191612633579521,1,Blenheim_spaniel,0.427766
1433,773547596996571136,1,Norwegian_elkhound,0.372202
1434,773670353721753600,1,Old_English_sheepdog,0.969311
1435,773704687002451968,2,silky_terrier,0.324251
1436,773922284943896577,1,Pomeranian,0.554331
1438,774314403806253056,3,Eskimo_dog,0.5960449999999999
1439,774639387460112384,1,Walker_hound,0.6275930000000001
1440,774757898236878852,1,toy_poodle,0.7199409999999999
1441,775085132600442880,1,chow,0.316565
1442,775364825476165632,3,beagle,0.571229
1445,775842724423557120,2,chow,0.520022
1446,775898661951791106,1,golden_retriever,0.945523
1449,776201521193218049,1,Rottweiler,0.502228
1450,776218204058357768,1,Samoyed,0.940326
1451,776477788987613185,1,Labrador_retriever,0.8848389999999999
1452,776813020089548800,1,toy_poodle,0.51661
1453,776819012571455488,3,Chihuahua,0.346545
1454,777189768882946048,2,Chihuahua,0.988412
1455,777621514455814149,1,chow,0.999823
1456,777641927919427584,1,golden_retriever,0.964929
1457,777684233540206592,1,cocker_spaniel,0.253442
1458,777885040357281792,1,Afghan_hound,0.123529
1459,778027034220126208,1,clumber,0.946718
1460,778039087836069888,2,German_shepherd,0.717776
1461,778286810187399168,1,Boston_bull,0.32207
1462,778383385161035776,1,collie,0.345266
1464,778408200802557953,3,Pembroke,0.8483620000000001
1465,778624900596654080,2,Airedale,0.786089
1466,778650543019483137,1,German_shepherd,0.515699
1467,778748913645780993,1,Staffordshire_bullterrier,0.351434
1468,778990705243029504,2,cocker_spaniel,0.7153510000000001
1469,779056095788752897,1,Chihuahua,0.721188
1470,779123168116150273,1,toy_poodle,0.43108
1472,779834332596887552,1,golden_retriever,0.99383
1473,780192070812196864,1,vizsla,0.144012
1474,780459368902959104,1,Great_Dane,0.382491
1475,780476555013349377,1,pug,0.919255
1476,780496263422808064,1,pug,0.99731
1477,780543529827336192,1,golden_retriever,0.628312
1478,780601303617732608,1,Saint_Bernard,0.995143
1479,780800785462489090,2,Siberian_husky,0.951963
1480,780858289093574656,1,Chesapeake_Bay_retriever,0.488555
1482,781163403222056960,1,Shetland_sheepdog,0.973841
1483,781251288990355457,2,Mexican_hairless,0.8877709999999999
1485,781661882474196992,1,Pembroke,0.438087
1487,782021823840026624,1,golden_retriever,0.383223
1488,782305867769217024,1,briard,0.5044270000000001
1489,782598640137187329,1,malamute,0.8408709999999999
1490,782722598790725632,1,Irish_setter,0.574557
1491,782747134529531904,1,golden_retriever,0.560699
1493,783085703974514689,1,Chesapeake_Bay_retriever,0.240602
1494,783334639985389568,2,Cardigan,0.593858
1495,783347506784731136,1,Cardigan,0.611525
1496,783391753726550016,4,Norwegian_elkhound,0.87713
1497,783466772167098368,1,Chihuahua,0.789
1498,783695101801398276,3,chow,0.314265
1499,783821107061198850,1,Lakeland_terrier,0.26565900000000003
1501,784431430411685888,1,miniature_poodle,0.744819
1502,784517518371221505,2,malamute,0.757764
1503,784826020293709826,1,chow,0.0903414
1506,785533386513321988,2,miniature_pinscher,0.436023
1508,785872687017132033,1,Great_Pyrenees,0.392108
1510,786036967502913536,1,golden_retriever,0.99383
1511,786233965241827333,1,Labrador_retriever,0.478193
1512,786363235746385920,1,golden_retriever,0.929266
1513,786595970293370880,1,Pembroke,0.709512
1514,786664955043049472,1,Leonberg,0.512034
1515,786709082849828864,1,Pomeranian,0.467321
1516,786963064373534720,1,golden_retriever,0.915303
1518,787397959788929025,1,Chihuahua,0.900483
1519,787717603741622272,3,German_shepherd,0.992339
1520,787810552592695296,2,pug,0.362835
1522,788070120937619456,1,golden_retriever,0.735163
1523,788150585577050112,3,chow,0.814145
1524,788178268662984705,2,Samoyed,0.73548
1525,788412144018661376,1,golden_retriever,0.805238
1526,788765914992902144,1,cocker_spaniel,0.500509
1528,789137962068021249,2,Chihuahua,0.746135
1529,789268448748703744,1,malamute,0.81286
1530,789530877013393408,3,schipperke,0.363272
1531,789599242079838210,2,Chesapeake_Bay_retriever,0.8788219999999999
1532,789628658055020548,1,chow,0.260702
1534,790277117346975746,1,Labrador_retriever,0.427742
1535,790337589677002753,1,Pembroke,0.658808
1537,790698755171364864,1,Bernese_mountain_dog,0.996541
1540,790987426131050500,1,cocker_spaniel,0.349195
1541,791026214425268224,1,malamute,0.375098
1542,791312159183634433,4,miniature_pinscher,0.892925
1543,791406955684368384,4,Pembroke,0.972629
1544,791672322847637504,1,golden_retriever,0.705092
1545,792050063153438720,2,komondor,0.942856
1546,792394556390137856,2,cocker_spaniel,0.746387
1547,792773781206999040,1,Yorkshire_terrier,0.912804
1550,793120401413079041,1,Labrador_retriever,0.7249439999999999
1552,793150605191548928,1,Italian_greyhound,0.193869
1553,793165685325201412,1,golden_retriever,0.946224
1554,793180763617361921,1,Lakeland_terrier,0.266824
1555,793195938047070209,2,Labrador_retriever,0.654762
1557,793226087023144960,1,wire-haired_fox_terrier,0.456047
1558,793241302385262592,1,golden_retriever,0.559308
1559,793256262322548741,1,basset,0.207622
1560,793271401113350145,1,Siberian_husky,0.231695
1561,793286476301799424,1,Afghan_hound,0.274637
1562,793500921481273345,2,golden_retriever,0.326122
1563,793601777308463104,1,miniature_pinscher,0.538981
1564,793614319594401792,1,golden_retriever,0.705092
1565,793845145112371200,1,Old_English_sheepdog,0.7652770000000001
1566,793962221541933056,1,Labrador_retriever,0.8616510000000001
1568,794332329137291264,1,Samoyed,0.988307
1569,794355576146903043,1,cocker_spaniel,0.500509
1571,794983741416415232,3,schipperke,0.363272
1573,795400264262053889,2,golden_retriever,0.925494
1574,795464331001561088,1,golden_retriever,0.193082
1575,796031486298386433,1,golden_retriever,0.893775
1576,796080075804475393,1,chow,0.973846
1577,796116448414461957,1,Cardigan,0.700182
1578,796149749086875649,1,golden_retriever,0.600276
1579,796177847564038144,1,golden_retriever,0.600276
1580,796387464403357696,1,Pekinese,0.461164
1581,796484825502875648,1,cocker_spaniel,0.116924
1582,796759840936919040,1,American_Staffordshire_terrier,0.463996
1583,796865951799083009,1,Cardigan,0.8391290000000001
1584,797236660651966464,2,collie,0.767005
1585,797545162159308800,1,Pembroke,0.954089
1586,797971864723324932,1,American_Staffordshire_terrier,0.489845
1587,798209839306514432,1,Pekinese,0.524583
1588,798340744599797760,1,papillon,0.53318
1589,798628517273620480,1,beagle,0.636169
1590,798644042770751489,1,English_springer,0.403698
1591,798665375516884993,1,chow,0.243529
1593,798694562394996736,1,Chihuahua,0.615163
1594,798697898615730177,1,Labrador_retriever,0.8686709999999999
1595,798925684722855936,1,West_Highland_white_terrier,0.539463
1596,798933969379225600,1,Siberian_husky,0.703224
1597,799063482566066176,2,Norfolk_terrier,0.334436
1598,799297110730567681,1,malamute,0.985028
1599,799422933579902976,1,miniature_pinscher,0.58363
1600,799757965289017345,1,Border_collie,0.442534
1601,799774291445383169,1,chow,0.316565
1603,800141422401830912,3,golden_retriever,0.938048
1604,800388270626521089,2,golden_retriever,0.35986
1607,800513324630806528,1,Pembroke,0.8289040000000001
1608,800751577355128832,2,cocker_spaniel,0.771984
1609,801115127852503040,1,dalmatian,0.823356
1610,801167903437357056,1,cocker_spaniel,0.74022
1612,801538201127157760,1,Pembroke,0.550506
1613,801958328846974976,1,Staffordshire_bullterrier,0.327887
1614,802239329049477120,2,Eskimo_dog,0.482498
1615,802247111496568832,1,Chihuahua,0.721188
1616,802265048156610565,1,Labrador_retriever,0.8971620000000001
1618,802572683846291456,1,golden_retriever,0.610171
1619,802624713319034886,1,cocker_spaniel,0.253442
1620,802952499103731712,1,chow,0.944032
1621,803276597545603072,1,Pembroke,0.457086
1623,803638050916102144,1,Labrador_retriever,0.372776
1624,803692223237865472,1,Lakeland_terrier,0.530104
1625,803773340896923648,2,miniature_pinscher,0.817066
1627,804413760345620481,1,chow,0.0903414
1628,804738756058218496,1,Tibetan_mastiff,0.91579
1629,805207613751304193,1,Pembroke,0.244705
1631,805520635690676224,1,malinois,0.643147
1632,805826884734976000,1,Siberian_husky,0.248926
1633,805932879469572096,1,Norwegian_elkhound,0.657967
1634,805958939288408065,1,Irish_setter,0.574557
1635,806219024703037440,1,chow,0.835102
1636,806242860592926720,2,Cardigan,0.593858
1637,806542213899489280,1,vizsla,0.938617
1639,807010152071229440,1,golden_retriever,0.610807
1641,807106840509214720,1,Chihuahua,0.50537
1642,807621403335917568,3,golden_retriever,0.873233
1643,808001312164028416,1,Labrador_retriever,0.730959
1644,808106460588765185,1,golden_retriever,0.426183
1645,808134635716833280,1,cocker_spaniel,0.74022
1646,808501579447930884,2,Airedale,0.4542390000000001
1648,808838249661788160,1,Rottweiler,0.36953
1649,809084759137812480,1,vizsla,0.911412
1650,809220051211603969,1,Pomeranian,0.8195110000000001
1651,809448704142938112,1,Greater_Swiss_Mountain_dog,0.375415
1652,809808892968534016,1,Labrador_retriever,0.8616510000000001
1653,809920764300447744,1,Norwich_terrier,0.397163
1654,810254108431155201,1,Staffordshire_bullterrier,0.292556
1655,810284430598270976,1,malamute,0.620768
1656,810657578271330305,1,malamute,0.753521
1657,810896069567610880,1,flat-coated_retriever,0.8208040000000001
1658,810984652412424192,1,golden_retriever,0.8713420000000001
1659,811386762094317568,1,Pembroke,0.804177
1660,811627233043480576,1,beagle,0.39628
1661,811744202451197953,1,Pekinese,0.386082
1662,811985624773361665,1,Staffordshire_bullterrier,0.6105729999999999
1663,812372279581671427,2,golden_retriever,0.7848729999999999
1666,812709060537683968,1,Irish_setter,0.326873
1667,812781120811126785,1,bull_mastiff,0.989316
1668,813051746834595840,1,golden_retriever,0.914804
1669,813066809284972545,1,toy_terrier,0.7764
1670,813081950185472002,2,Doberman,0.909951
1671,813096984823349248,1,Great_Dane,0.128056
1673,813127251579564032,1,Norwegian_elkhound,0.432416
1674,813142292504645637,3,beagle,0.848735
1677,813187593374461952,1,golden_retriever,0.888181
1678,813202720496779264,1,cocker_spaniel,0.701852
1679,813217897535406080,1,Samoyed,0.905972
1680,813800681631023104,1,malamute,0.501159
1681,813812741911748608,1,French_bulldog,0.709146
1682,813910438903693312,1,Siberian_husky,0.6993550000000001
1683,813944609378369540,1,Labrador_retriever,0.427742
1684,814153002265309185,1,golden_retriever,0.490068
1685,814530161257443328,1,miniature_poodle,0.626913
1686,814638523311648768,2,golden_retriever,0.650814
1687,814986499976527872,1,dalmatian,0.999828
1689,815639385530101762,1,German_shepherd,0.8179529999999999
1690,815736392542261248,3,Border_collie,0.5489069999999999
1691,815966073409433600,1,Tibetan_mastiff,0.506312
1692,815990720817401858,1,Chihuahua,0.428756
1693,816014286006976512,1,English_setter,0.677408
1694,816091915477250048,3,Pomeranian,0.967345
1695,816336735214911488,1,Labrador_retriever,0.91933
1697,816697700272001025,1,Chihuahua,0.756992
1698,816816676327063552,1,malamute,0.668164
1700,817056546584727552,1,kelpie,0.8644149999999999
1701,817120970343411712,1,Saluki,0.568809
1702,817171292965273600,1,golden_retriever,0.295483
1703,817181837579653120,1,Tibetan_mastiff,0.506312
1704,817415592588222464,1,Doberman,0.806163
1706,817536400337801217,2,pug,0.971358
1707,817777686764523521,1,curly-coated_retriever,0.733256
1708,817827839487737858,1,cocker_spaniel,0.387608
1709,818145370475810820,1,golden_retriever,0.621931
1710,818259473185828864,1,miniature_schnauzer,0.367368
1712,818588835076603904,1,Norwegian_elkhound,0.372202
1713,818614493328580609,4,Chihuahua,0.450722
1714,818627210458333184,1,Labrador_retriever,0.384188
1715,819004803107983360,1,standard_poodle,0.351308
1718,819015337530290176,1,standard_poodle,0.351308
1719,819227688460238848,1,Border_terrier,0.4824520000000001
1720,819347104292290561,3,Rottweiler,0.909106
1721,819588359383371776,1,Cardigan,0.5479350000000001
1724,819952236453363712,1,American_Staffordshire_terrier,0.925505
1726,820314633777061888,2,Gordon_setter,0.940724
1727,820446719150292993,3,golden_retriever,0.938048
1728,820690176645140481,2,West_Highland_white_terrier,0.872064
1729,820749716845686786,2,golden_retriever,0.8380120000000001
1730,821044531881721856,1,Old_English_sheepdog,0.14802
1731,821107785811234820,1,Pomeranian,0.85659
1732,821149554670182400,1,German_shepherd,0.515933
1733,821407182352777218,1,Irish_setter,0.5054960000000001
1734,821522889702862852,1,Doberman,0.7635390000000001
1735,821765923262631936,1,golden_retriever,0.980071
1736,821813639212650496,1,Saint_Bernard,0.995143
1737,821886076407029760,1,golden_retriever,0.26623800000000003
1738,822244816520155136,1,Samoyed,0.585441
1739,822462944365645825,3,Pomeranian,0.960199
1740,822489057087389700,1,Samoyed,0.416769
1741,822610361945911296,1,cocker_spaniel,0.6644869999999999
1742,822647212903690241,1,Samoyed,0.416769
1743,822859134160621569,1,malinois,0.332897
1744,822872901745569793,1,Lakeland_terrier,0.196015
1746,823269594223824897,1,Samoyed,0.585441
1749,823699002998870016,1,cairn,0.203999
1750,823939628516474880,1,schipperke,0.23407600000000006
1752,824325613288833024,1,Pembroke,0.990793
1753,824663926340194305,1,English_setter,0.526488
1754,824775126675836928,1,Border_terrier,0.610499
1756,825026590719483904,2,Eskimo_dog,0.524454
1757,825147591692263424,1,Pekinese,0.354823
1758,825535076884762624,1,Rottweiler,0.681495
1759,825829644528148480,2,Great_Pyrenees,0.8534069999999999
1762,826204788643753985,2,Labrador_retriever,0.782058
1763,826240494070030336,1,French_bulldog,0.903048
1764,826476773533745153,1,German_shepherd,0.7418600000000001
1765,826598365270007810,1,French_bulldog,0.628119
1766,826848821049180160,4,Great_Pyrenees,0.858764
1767,826958653328592898,1,golden_retriever,0.6173890000000001
1768,827199976799354881,4,Great_Dane,0.8696809999999999
1769,827324948884643840,1,golden_retriever,0.352486
1770,827600520311402496,1,Pembroke,0.32563800000000004
1771,827653905312006145,1,collie,0.285555
1772,827933404142436356,2,German_shepherd,0.8061149999999999
1773,828011680017821696,1,American_Staffordshire_terrier,0.936662
1775,828372645993398273,1,malamute,0.663047
1776,828376505180889089,1,American_Staffordshire_terrier,0.5230859999999999
1777,828381636999917570,1,Bedlington_terrier,0.392535
1778,828408677031882754,1,Weimaraner,0.13303299999999998
1780,828650029636317184,1,golden_retriever,0.649209
1783,829011960981237760,2,boxer,0.312221
1784,829141528400556032,2,golden_retriever,0.57314
1785,829374341691346946,1,Staffordshire_bullterrier,0.757547
1786,829449946868879360,1,Labrador_retriever,0.315163
1787,829501995190984704,1,French_bulldog,0.950851
1788,829861396166877184,1,Border_terrier,0.394486
1789,829878982036299777,1,golden_retriever,0.6173890000000001
1790,830097400375152640,4,toy_poodle,0.442713
1791,830583320585068544,1,Labrador_retriever,0.908703
1792,830956169170665475,1,kuvasz,0.451516
1793,831262627380748289,1,cocker_spaniel,0.26332300000000003
1794,831309418084069378,1,Doberman,0.369389
1795,831315979191906304,4,briard,0.982755
1796,831322785565769729,1,Old_English_sheepdog,0.999715
1797,831552930092285952,1,Chihuahua,0.257415
1798,831650051525054464,1,Eskimo_dog,0.530416
1799,831670449226514432,1,Pembroke,0.6248020000000001
1800,831911600680497154,4,bloodhound,0.777562
1801,831939777352105988,1,Pomeranian,0.153862
1802,832032802820481025,1,whippet,0.601712
1803,832040443403784192,1,miniature_pinscher,0.796313
1804,832215726631055365,1,Afghan_hound,0.274637
1805,832273440279240704,1,Pembroke,0.134081
1806,832369877331693569,1,kelpie,0.50469
1807,832397543355072512,1,Pekinese,0.988916
1808,832636094638288896,1,Eskimo_dog,0.5250319999999999
1809,832757312314028032,2,Cardigan,0.160888
1811,832998151111966721,1,boxer,0.539036
1812,833124694597443584,3,Cardigan,0.7105229999999999
1813,833479644947025920,3,golden_retriever,0.727039
1814,833722901757046785,1,West_Highland_white_terrier,0.918144
1815,833826103416520705,1,Chihuahua,0.438054
1816,833863086058651648,1,kuvasz,0.494969
1819,834209720923721728,1,golden_retriever,0.754799
1820,834458053273591808,1,Rhodesian_ridgeback,0.468619
1822,834786237630337024,1,Border_terrier,0.156276
1825,835172783151792128,2,Border_collie,0.663138
1827,835297930240217089,1,Rottweiler,0.341276
1828,835574547218894849,1,Staffordshire_bullterrier,0.6106550000000001
1829,836001077879255040,4,Samoyed,0.963558
1830,836260088725786625,1,borzoi,0.564688
1836,837110210464448512,1,Siberian_husky,0.767696
1837,837366284874571778,1,American_Staffordshire_terrier,0.660085
1838,837471256429613056,1,Norwegian_elkhound,0.976255
1840,837820167694528512,1,golden_retriever,0.887625
1841,838083903487373313,2,chow,0.800975
1842,838476387338051585,3,Great_Pyrenees,0.997692
1843,838561493054533637,1,kelpie,0.216562
1845,838921590096166913,1,Border_terrier,0.664538
1846,839239871831150596,3,Leonberg,0.927021
1849,839990271299457024,2,Staffordshire_bullterrier,0.604938
1850,840268004936019968,3,Chesapeake_Bay_retriever,0.8639870000000001
1852,840632337062862849,1,golden_retriever,0.711148
1854,841077006473256960,1,Brittany_spaniel,0.962985
1855,841314665196081154,1,Afghan_hound,0.903712
1857,841680585030541313,1,Chihuahua,0.547401
1859,842115215311396866,1,chow,0.293493
1860,842163532590374912,2,French_bulldog,0.891227
1861,842535590457499648,1,Pembroke,0.685084
1863,842846295480000512,1,Labrador_retriever,0.461076
1864,842892208864923648,1,Chihuahua,0.50537
1865,843235543001513987,1,Pembroke,0.958452
1866,843604394117681152,1,Labrador_retriever,0.430583
1867,843856843873095681,1,Labrador_retriever,0.92254
1868,844223788422217728,1,Labrador_retriever,0.71951
1870,844704788403113984,1,Labrador_retriever,0.980213
1871,844973813909606400,1,Labrador_retriever,0.742421
1873,845306882940190720,1,Irish_water_spaniel,0.567475
1874,845397057150107648,1,Dandie_Dinmont,0.394404
1875,845677943972139009,1,chow,0.8086810000000001
1876,845812042753855489,1,Samoyed,0.979803
1877,846042936437604353,1,golden_retriever,0.96111
1878,846153765933735936,1,giant_schnauzer,0.346468
1879,846514051647705089,2,golden_retriever,0.650003
1880,846874817362120707,2,Shetland_sheepdog,0.450539
1882,847157206088847362,2,Staffordshire_bullterrier,0.21960900000000005
1883,847251039262605312,1,Airedale,0.49538
1884,847606175596138505,1,Cardigan,0.413688
1885,847842811428974592,1,Bernese_mountain_dog,0.951337
1888,848212111729840128,1,Bedlington_terrier,0.333486
1889,848324959059550208,1,malamute,0.5445760000000001
1890,848690551926992896,1,flat-coated_retriever,0.8236479999999999
1893,849412302885593088,4,schipperke,0.907559
1894,849776966551130114,2,Chihuahua,0.292092
1895,850019790995546112,3,Shetland_sheepdog,0.759907
1897,850380195714523136,1,Yorkshire_terrier,0.249012
1898,850753642995093505,1,pug,0.996952
1901,851591660324737024,1,Cardigan,0.394507
1903,851953902622658560,1,Staffordshire_bullterrier,0.757547
1907,852553447878664193,1,bloodhound,0.186498
1908,852672615818899456,1,golden_retriever,0.7112350000000001
1909,852912242202992640,1,Great_Dane,0.7837649999999999
1911,853639147608842240,1,German_shepherd,0.509879
1912,853760880890318849,1,miniature_pinscher,0.29251900000000003
1913,854010172552949760,1,English_springer,0.354733
1914,854120357044912130,4,black-and-tan_coonhound,0.8548610000000001
1915,854365224396361728,1,Pembroke,0.90708
1916,854482394044301312,1,Chihuahua,0.26024200000000003
1917,854732716440526848,1,Pembroke,0.6955479999999999
1918,855459453768019968,2,Blenheim_spaniel,0.389513
1919,855851453814013952,1,flat-coated_retriever,0.321676
1920,856282028240666624,4,Chihuahua,0.8765430000000001
1921,856526610513747968,1,Old_English_sheepdog,0.798481
1922,856543823941562368,1,Boston_bull,0.30691
1923,857029823797047296,2,golden_retriever,0.968623
1924,857263160327368704,1,Samoyed,0.998021
1925,857393404942143489,3,malamute,0.8415969999999999
1926,857746408056729600,1,Labrador_retriever,0.919832
1927,857989990357356544,1,French_bulldog,0.43258
1928,858107933456039936,1,golden_retriever,0.863874
1929,858471635011153920,1,Pembroke,0.987407
1930,858843525470990336,1,golden_retriever,0.57812
1933,859607811541651456,1,golden_retriever,0.8955290000000001
1934,859851578198683649,4,Labrador_retriever,0.899086
1935,859924526012018688,1,French_bulldog,0.254587
1938,860524505164394496,1,Bedlington_terrier,0.286558
1939,860563773140209665,1,Cardigan,0.583936
1941,861005113778896900,1,German_shepherd,0.507951
1943,861383897657036800,1,Cardigan,0.771008
1945,862096992088072192,2,chow,0.677589
1947,862722525377298433,1,basset,0.39333
1948,862831371563274240,2,Australian_terrier,0.207281
1949,863062471531167744,2,French_bulldog,0.935804
1950,863079547188785154,1,Lakeland_terrier,0.275242
1951,863432100342583297,1,Staffordshire_bullterrier,0.690517
1952,863553081350529029,1,Eskimo_dog,0.41333
1954,864197398364647424,4,golden_retriever,0.945905
1955,864279568663928832,1,bull_mastiff,0.668613
1957,865006731092295680,1,Pembroke,0.989882
1958,865359393868664832,2,Chesapeake_Bay_retriever,0.832435
1959,865718153858494464,1,golden_retriever,0.673664
1960,866334964761202691,1,Samoyed,0.984086
1961,866450705531457537,2,French_bulldog,0.905334
1962,866686824827068416,1,flat-coated_retriever,0.51473
1963,867051520902168576,1,Samoyed,0.471403
1964,867072653475098625,1,Blenheim_spaniel,0.352946
1965,867421006826221569,1,Eskimo_dog,0.6164569999999999
1966,867774946302451713,2,Border_collie,0.661953
1967,867900495410671616,1,Labrador_retriever,0.522644
1968,868552278524837888,1,whippet,0.378151
1969,868622495443632128,1,Labrador_retriever,0.868107
1971,869227993411051520,1,Pembroke,0.664181
1972,869596645499047938,1,Chihuahua,0.955156
1973,869702957897576449,1,Pembroke,0.993449
1974,869772420881756160,1,Pembroke,0.980148
1976,870308999962521604,2,Greater_Swiss_Mountain_dog,0.6227520000000001
1977,870374049280663552,1,golden_retriever,0.841001
1978,870656317836468226,4,Pembroke,0.945495
1980,871032628920680449,1,kelpie,0.3980530000000001
1981,871515927908634625,2,komondor,0.974781
1982,871762521631449091,2,Labrador_retriever,0.921393
1983,871879754684805121,1,Shetland_sheepdog,0.969171
1985,872261713294495745,2,Labrador_retriever,0.972019
1986,872486979161796608,1,Pembroke,0.931861
1987,872620804844003328,1,cocker_spaniel,0.513191
1988,872820683541237760,3,pug,0.99912
1989,872967104147763200,2,Labrador_retriever,0.476913
1990,873213775632977920,1,vizsla,0.6197819999999999
1991,873580283840344065,1,Newfoundland,0.678537
1993,874012996292530176,2,Cardigan,0.806674
1994,874057562936811520,1,flat-coated_retriever,0.8321770000000001
1995,874296783580663808,1,cocker_spaniel,0.437216
1996,874680097055178752,1,Labrador_retriever,0.836052
1997,875021211251597312,2,West_Highland_white_terrier,0.7143189999999999
1998,875144289856114688,1,Siberian_husky,0.245048
1999,875747767867523072,1,Labrador_retriever,0.799551
2000,876120275196170240,1,Bernese_mountain_dog,0.534327
2001,876484053909872640,1,golden_retriever,0.874566
2002,876838120628539392,1,bloodhound,0.575751
2003,877201837425926144,1,Pembroke,0.93112
2004,877316821321428993,1,Saluki,0.5099670000000001
2005,877556246731214848,1,basset,0.995368
2006,877611172832227328,1,Irish_setter,0.364729
2007,877736472329191424,2,Chesapeake_Bay_retriever,0.8379559999999999
2008,878057613040115712,1,French_bulldog,0.839097
2009,878281511006478336,1,basset,0.32042
2010,878776093423087618,2,Italian_greyhound,0.734684
2011,879008229531029506,1,vizsla,0.960513
2014,879415818425184262,1,English_springer,0.383404
2015,879492040517615616,1,German_short-haired_pointer,0.479896
2016,879862464715927552,3,basset,0.813507
2017,880095782870896641,1,miniature_pinscher,0.120298
2018,880221127280381952,1,Chihuahua,0.238525
2019,880465832366813184,1,golden_retriever,0.913255
2020,880872448815771648,1,Pembroke,0.791416
2023,881536004380872706,1,Samoyed,0.281463
2024,881666595344535552,1,Saluki,0.529012
2025,881906580714921986,1,Weimaraner,0.291539
2027,882268110199369728,1,golden_retriever,0.762211
2028,882627270321602560,1,Pembroke,0.542982
2029,882762694511734784,1,Labrador_retriever,0.85005
2030,882992080364220416,1,Eskimo_dog,0.466778
2031,883117836046086144,2,golden_retriever,0.949562
2032,883360690899218434,1,chow,0.987997
2033,883482846933004288,1,golden_retriever,0.943082
2034,883838122936631299,1,Doberman,0.610946
2035,884162670584377345,1,German_shepherd,0.707046
2036,884441805382717440,1,Pembroke,0.993225
2037,884562892145688576,1,pug,0.5464060000000001
2038,884876753390489601,1,chow,0.822103
2039,884925521741709313,1,Italian_greyhound,0.259916
2040,885167619883638784,4,malamute,0.8124819999999999
2041,885311592912609280,1,Labrador_retriever,0.908703
2042,885528943205470208,1,pug,0.369275
2043,885984800019947520,1,Blenheim_spaniel,0.972494
2044,886258384151887873,1,pug,0.943575
2045,886366144734445568,1,French_bulldog,0.999201
2047,886736880519319552,1,kuvasz,0.309706
2048,886983233522544640,2,Chihuahua,0.793469
2049,887101392804085760,1,Samoyed,0.733942
2050,887343217045368832,1,Mexican_hairless,0.330741
2051,887473957103951883,2,Pembroke,0.809197
2053,887705289381826560,1,basset,0.821664
2054,888078434458587136,1,French_bulldog,0.995026
2055,888202515573088257,2,Pembroke,0.809197
2056,888554962724278272,3,Siberian_husky,0.700377
2057,888804989199671297,1,golden_retriever,0.46976
2058,888917238123831296,1,golden_retriever,0.714719
2059,889278841981685760,1,whippet,0.626152
2060,889531135344209921,1,golden_retriever,0.953442
2061,889638837579907072,1,French_bulldog,0.99165
2062,889665388333682689,1,Pembroke,0.966327
2063,889880896479866881,1,French_bulldog,0.377417
2064,890006608113172480,1,Samoyed,0.957979
2065,890240255349198849,1,Pembroke,0.511319
2066,890609185150312448,1,Irish_terrier,0.487574
2067,890729181411237888,2,Pomeranian,0.566142
2068,890971913173991426,1,Appenzeller,0.34170300000000003
2069,891087950875897856,1,Chesapeake_Bay_retriever,0.425595
2070,891327558926688256,2,basset,0.555712
2072,891815181378084864,1,Chihuahua,0.716012
2073,892177421306343426,1,Chihuahua,0.323581
