,Unnamed: 0,tweet_id,retweet_count,favorite_count
0,0,892420643555336193,7010,33824
1,1,892177421306343426,5302,29337
2,2,891815181378084864,3482,22069
3,3,891689557279858688,7228,36950
4,4,891327558926688256,7764,35321
5,5,891087950875897856,2602,17815
6,6,890971913173991426,1666,10368
7,7,890729181411237888,15759,56880
8,8,890609185150312448,3624,24531
9,9,890240255349198849,6101,27969
10,10,890006608113172480,6154,27048
11,11,889880896479866881,4168,24570
12,12,889665388333682689,8353,42072
13,13,889638837579907072,3718,23683
14,14,889531135344209921,1884,13356
15,15,889278841981685760,4447,22132
16,16,888917238123831296,3765,25647
17,17,888804989199671297,3537,22481
18,18,888554962724278272,2879,17319
19,19,888078434458587136,2895,19155
20,20,887705289381826560,4535,26633
21,21,887517139158093824,9856,40740
22,22,887473957103951883,15031,60210
23,23,887343217045368832,8815,29598
24,24,887101392804085760,4992,26993
25,25,886983233522544640,6321,30396
26,26,886736880519319552,2632,10501
27,27,886680336477933568,3736,19740
28,28,886366144734445568,2631,18553
29,29,886267009285017600,4,105
30,30,886258384151887873,5293,24532
31,31,886054160059072513,93,0
32,32,885984800019947520,5617,28623
33,33,885528943205470208,5331,31611
34,34,885518971528720385,3108,18012
35,35,885311592912609280,15442,0
36,36,885167619883638784,3670,19264
37,37,884925521741709313,15032,67305
38,38,884876753390489601,4676,24388
39,39,884562892145688576,3913,21333
40,40,884441805382717440,4793,23874
41,41,884247878851493888,16931,63342
42,42,884162670584377345,2506,17947
43,43,883838122936631299,2865,19177
44,44,883482846933004288,8274,40220
45,45,883360690899218434,3083,19957
46,46,883117836046086144,5536,32525
47,47,882992080364220416,3248,20991
48,48,882762694511734784,4099,24804
49,49,882627270321602560,5064,24611
50,50,882268110199369728,9636,39210
51,51,882045870035918850,4084,25739
52,52,881906580714921986,2855,21451
53,53,881666595344535552,8963,44573
54,54,881633300179243008,8,113
55,55,881536004380872706,13404,43463
56,56,881268444196462592,4494,20492
57,57,880935762899988482,2333,15056
58,58,880872448815771648,3200,18718
59,59,880465832366813184,5215,25039
60,60,880221127280381952,3468,23678
61,61,880095782870896641,3654,24348
62,62,879862464715927552,2930,19718
63,63,879674319642796034,9,282
64,64,879492040517615616,2628,20716
65,65,879415818425184262,37463,92910
66,66,879376492567855104,2650,14867
67,67,879130579576475649,5743,0
68,68,879050749262655488,3957,19818
69,69,879008229531029506,2244,16787
70,70,878776093423087618,3435,17138
71,71,878604707211726852,5930,26443
72,72,878404777348136964,1078,0
73,73,878316110768087041,5531,0
74,74,878281511006478336,1078,6781
75,75,878057613040115712,5743,37155
76,76,877736472329191424,15814,69324
77,77,877611172832227328,70,0
78,78,877556246731214848,3169,19909
79,79,877316821321428993,4348,24168
80,80,877201837425926144,4629,23874
81,81,876838120628539392,2805,18221
82,82,876537666061221889,3974,21051
83,83,876484053909872640,2001,16574
84,84,876120275196170240,3905,24698
85,85,875747767867523072,3584,22119
86,86,875144289856114688,4158,19425
87,87,875097192612077568,5118,24248
88,88,875021211251597312,3974,22558
89,89,874680097055178752,3919,24609
90,90,874434818259525634,12218,0
91,91,874296783580663808,3483,22978
92,92,874057562936811520,3378,20127
93,93,874012996292530176,8596,30123
94,94,873580283840344065,3344,21387
95,95,873337748698140672,1331,0
96,96,873213775632977920,1331,6323
97,97,872967104147763200,4564,24095
98,98,872820683541237760,3168,13081
99,99,872620804844003328,3068,18332
100,100,872486979161796608,7722,36113
101,101,872122724285648897,6832,30242
102,102,871879754684805121,9249,33123
103,103,871762521631449091,2970,17894
104,104,871515927908634625,2942,17894
105,105,871166179821445120,4895,0
106,106,871102520638267392,4685,18556
107,107,871032628920680449,3226,20169
108,108,870804317367881728,5285,29814
109,109,870726314365509632,3,105
110,110,870656317836468226,2210,10898
111,111,870374049280663552,22760,73986
112,112,870308999962521604,3550,19487
113,113,870063196459192321,7078,32433
114,114,869772420881756160,8699,38038
115,115,869702957897576449,5387,25076
116,116,869596645499047938,2640,14217
117,117,869227993411051520,3201,18146
118,118,868880397819494401,12266,58013
119,119,868639477480148993,1754,0
120,120,868622495443632128,4474,23653
121,121,868552278524837888,1754,8971
122,122,867900495410671616,3573,21617
123,123,867774946302451713,6258,30286
124,124,867421006826221569,2118,14353
125,125,867072653475098625,101,0
126,126,867051520902168576,6791,28728
127,127,866720684873056260,4133,17879
128,128,866686824827068416,2973,17142
129,129,866450705531457537,30219,108946
130,130,866334964761202691,12218,46649
131,131,866094527597207552,7172,0
132,132,865718153858494464,4853,22945
133,133,865359393868664832,4295,23627
134,134,865006731092295680,6676,25054
135,135,864873206498414592,7499,28880
136,136,864279568663928832,2585,13078
137,137,864197398364647424,7594,26654
138,138,863907417377173506,3594,18454
139,139,863553081350529029,3635,13688
140,140,863471782782697472,2092,0
141,141,863432100342583297,4560,21322
142,142,863427515083354112,80,1961
143,143,863079547188785154,953,7910
144,144,863062471531167744,2092,7531
145,145,862831371563274240,4461,17226
146,146,862722525377298433,3091,15345
147,147,862457590147678208,4258,18296
148,148,862096992088072192,20017,66359
149,149,861383897657036800,9274,32320
150,150,861288531465048066,3594,15361
151,151,861005113778896900,3340,15001
152,152,860981674716409858,1858,0
153,153,860924035999428608,679,0
154,154,860563773140209665,1858,6730
155,155,860524505164394496,4608,21259
156,156,860276583193509888,3075,16594
157,157,860184849394610176,5128,15031
158,158,860177593139703809,26778,0
159,159,859924526012018688,3587,17653
160,160,859851578198683649,3072,13983
161,161,859607811541651456,1366,16847
162,162,859196978902773760,26301,80632
163,163,859074603037188101,11981,30461
164,164,858860390427611136,7088,0
165,165,858843525470990336,3029,14135
166,166,858471635011153920,4267,19506
167,167,858107933456039936,2540,14251
168,168,857989990357356544,2268,14502
169,169,857746408056729600,9359,30839
170,170,857393404942143489,1444,5313
171,171,857263160327368704,3985,18271
172,172,857214891891077121,16,204
173,173,857062103051644929,148,0
174,174,857029823797047296,3493,17059
175,175,856543823941562368,2551,14850
176,176,856526610513747968,1654,10832
177,177,856288084350160898,15,488
178,178,856282028240666624,5586,25264
179,179,855862651834028034,21,303
180,180,855860136149123072,853,4411
181,181,855857698524602368,1863,10867
182,182,855851453814013952,16143,41928
183,183,855818117272018944,4819,24295
184,184,855459453768019968,7313,27128
185,185,855245323840757760,5273,0
186,186,855138241867124737,36,0
187,187,854732716440526848,5361,20710
188,188,854482394044301312,6034,26616
189,189,854365224396361728,4157,17223
190,190,854120357044912130,6601,29265
191,191,854010172552949760,2797,14846
192,192,853760880890318849,5118,26114
193,193,853639147608842240,8890,31586
194,194,853299958564483072,3173,14186
195,195,852936405516943360,1790,0
196,196,852912242202992640,1602,8264
197,197,852672615818899456,1915,13660
198,198,852553447878664193,3124,14919
199,199,852311364735569921,8890,30396
200,200,852226086759018497,6104,18370
201,201,852189679701164033,1420,10580
202,202,851591660324737024,3128,14981
203,203,851464819735769094,6322,22290
204,204,851224888060895234,5178,19074
205,205,850753642995093505,8097,28191
206,206,850380195714523136,2335,12095
207,207,850333567704068097,301,3194
208,208,850145622816686080,3402,15066
209,209,850019790995546112,4382,18805
210,210,849776966551130114,6832,27949
211,211,849668094696017920,4455,0
212,212,849412302885593088,2836,14692
213,213,849336543269576704,1695,10575
214,214,849051919805034497,7642,39069
215,215,848690551926992896,3932,23307
216,216,848324959059550208,4167,22867
217,217,848213670039564288,646,7547
218,218,848212111729840128,2722,15057
219,219,847978865427394560,2929,0
220,220,847971574464610304,396,0
221,221,847962785489326080,4588,21763
222,222,847842811428974592,1193,5021
223,223,847617282490613760,376,6474
224,224,847606175596138505,3096,17377
225,225,847251039262605312,3925,19002
226,226,847157206088847362,5265,18404
227,227,847116187444137987,2881,19901
228,228,846874817362120707,3556,18651
229,229,846514051647705089,10408,41271
230,230,846505985330044928,2766,13094
231,231,846153765933735936,8189,29140
232,232,846139713627017216,9180,28857
233,233,846042936437604353,2595,14840
234,234,845812042753855489,7886,27073
235,235,845677943972139009,4389,23477
236,236,845397057150107648,1622,7098
237,237,845306882940190720,4871,21663
238,238,845098359547420673,6954,0
239,239,844979544864018432,2318,12699
240,240,844973813909606400,2860,13954
241,241,844580511645339650,2822,15310
242,242,844223788422217728,1994,12720
243,243,843981021012017153,2703,14153
244,244,843856843873095681,4176,19995
245,245,843604394117681152,2485,15738
246,246,843235543001513987,5430,20011
247,247,842846295480000512,3319,14242
248,248,842765311967449089,1177,6301
249,249,842535590457499648,3191,16948
250,250,842163532590374912,5273,22782
251,251,842115215311396866,2764,13059
252,252,841833993020538882,13605,0
253,253,841680585030541313,7173,24078
254,254,841439858740625411,3338,11758
255,255,841320156043304961,5030,18446
256,256,841314665196081154,4246,14771
257,257,841077006473256960,4895,21373
258,258,840761248237133825,1622,0
259,259,840728873075638272,14623,0
260,260,840698636975636481,2,165
261,261,840696689258311684,892,11501
262,262,840632337062862849,1622,8442
263,263,840370681858686976,4188,15365
264,264,840268004936019968,5234,17933
265,265,839990271299457024,2073,12559
266,266,839549326359670784,7088,25630
267,267,839290600511926273,133,0
268,268,839239871831150596,5956,25273
269,269,838952994649550848,3668,18410
270,270,838921590096166913,1859,10437
271,271,838916489579200512,31,0
272,272,838831947270979586,10058,0
273,273,838561493054533637,1234,10265
274,274,838476387338051585,4355,21017
275,275,838201503651401729,9225,0
276,276,838150277551247360,304,1569
277,277,838085839343206401,1,133
278,278,838083903487373313,2850,16495
279,279,837820167694528512,7172,31892
280,280,837482249356513284,409,3613
281,281,837471256429613056,2065,12006
282,282,837110210464448512,2186,15087
283,283,836989968035819520,2121,11976
284,284,836753516572119041,4271,18165
285,285,836677758902222849,2028,11864
286,286,836648853927522308,509,0
287,287,836397794269200385,25146,0
288,288,836380477523124226,2750,13928
289,289,836260088725786625,3989,19987
290,290,836001077879255040,3903,17935
291,291,835685285446955009,7440,0
292,292,835574547218894849,3307,16689
293,293,835536468978302976,1548,0
294,294,835309094223372289,19214,0
295,295,835297930240217089,2748,15462
296,296,835264098648616962,1548,7248
297,297,835246439529840640,63,1992
298,298,835172783151792128,5308,24616
299,299,835152434251116546,2765,20989
300,300,834931633769889797,1496,10122
301,301,834786237630337024,5117,20254
302,302,834574053763584002,2319,12836
303,303,834477809192075265,9794,0
304,304,834458053273591808,1553,9047
305,305,834209720923721728,4340,19290
306,306,834167344700198914,3372,14862
307,307,834089966724603904,1971,9463
308,308,834086379323871233,2045,12265
309,309,833863086058651648,2216,12649
310,310,833826103416520705,3495,17102
311,311,833732339549220864,205,0
312,312,833722901757046785,3004,19724
313,313,833479644947025920,1895,14038
314,314,833124694597443584,4455,19023
315,315,832998151111966721,2026,12459
316,316,832769181346996225,38,0
317,317,832757312314028032,3327,15879
318,318,832682457690300417,2670,11165
319,319,832645525019123713,485,2745
320,320,832636094638288896,2569,14932
321,321,832397543355072512,2040,11262
322,322,832369877331693569,2929,16108
323,323,832273440279240704,2150,10669
324,324,832215909146226688,5736,0
325,325,832215726631055365,8604,0
326,326,832088576586297345,2,59
327,327,832040443403784192,8840,0
328,328,832032802820481025,4309,16798
329,329,831939777352105988,5668,22509
330,330,831926988323639298,34,319
331,331,831911600680497154,5994,25889
332,332,831670449226514432,1690,9810
333,333,831650051525054464,1790,6694
334,334,831552930092285952,2165,8471
335,335,831322785565769729,1447,8765
336,336,831315979191906304,1040,6182
337,337,831309418084069378,2275,11109
338,338,831262627380748289,1895,11188
339,339,830956169170665475,1379,7526
340,340,830583320585068544,15442,62541
341,341,830173239259324417,5255,0
342,342,830097400375152640,2706,9182
343,343,829878982036299777,4617,0
344,344,829861396166877184,1797,11544
345,345,829501995190984704,9794,29936
346,346,829449946868879360,1863,9896
347,347,829141528400556032,6785,22941
348,348,829011960981237760,15137,50331
349,349,828801551087042563,3169,0
350,350,828770345708580865,5407,24129
351,351,828708714936930305,10351,34317
352,352,828650029636317184,1243,8968
353,353,828409743546925057,1082,6047
354,354,828408677031882754,1189,7262
355,355,828381636999917570,2065,11889
356,356,828376505180889089,996,6991
357,357,828372645993398273,2730,11881
358,358,828361771580813312,165,2072
359,359,828046555563323392,2660,11069
360,360,828011680017821696,1999,9785
361,361,827933404142436356,4843,18876
362,362,827653905312006145,2798,14609
363,363,827600520311402496,865,7064
364,364,827324948884643840,2812,14968
365,365,827199976799354881,2064,10010
366,366,826958653328592898,4617,20339
367,367,826848821049180160,9354,34078
368,368,826615380357632002,3686,0
369,369,826598799820865537,230,4865
370,370,826598365270007810,2183,9459
371,371,826476773533745153,3895,17389
372,372,826240494070030336,2423,12538
373,373,826204788643753985,856,4602
374,374,826115272272650244,2875,14750
375,375,825876512159186944,1738,9930
376,376,825829644528148480,2338,12033
377,377,825535076884762624,16367,54004
378,378,825147591692263424,4190,17271
379,379,825120256414846976,1168,0
380,380,825026590719483904,1168,5914
381,381,824796380199809024,5107,0
382,382,824775126675836928,3278,14071
383,383,824663926340194305,1649,9944
384,384,824325613288833024,9898,11185
385,385,824297048279236611,3572,14238
386,386,824025158776213504,558,4581
387,387,823939628516474880,2541,10059
388,388,823719002937630720,10371,0
389,389,823699002998870016,2336,13225
390,390,823581115634085888,2447,12277
391,391,823333489516937216,22,662
392,392,823322678127919110,3720,14839
393,393,823269594223824897,9241,0
394,394,822975315408461824,3200,16380
395,395,822872901745569793,39938,124149
396,396,822859134160621569,2111,12462
397,397,822647212903690241,5959,0
398,398,822610361945911296,2736,13980
399,399,822489057087389700,5959,17126
400,400,822462944365645825,13163,26330
401,401,822244816520155136,9241,33128
402,402,822163064745328640,4385,0
403,403,821886076407029760,2142,10683
404,404,821813639212650496,3127,0
405,405,821765923262631936,1557,7905
406,406,821522889702862852,1633,7575
407,407,821421320206483457,5130,0
408,408,821407182352777218,3997,11108
409,409,821153421864615936,9,236
410,410,821149554670182400,1826,8116
411,411,821107785811234820,1975,9079
412,412,821044531881721856,2127,11967
413,413,820837357901512704,6246,0
414,414,820749716845686786,9225,29854
415,415,820690176645140481,3004,11594
416,416,820494788566847489,523,0
417,417,820446719150292993,2396,0
418,418,820314633777061888,523,3162
419,419,820078625395449857,5796,18661
420,420,820013781606658049,1082,0
421,421,819952236453363712,1082,5018
422,422,819924195358416896,4550,12243
423,423,819711362133872643,2877,12624
424,424,819588359383371776,1869,9162
425,425,819347104292290561,1116,6848
426,426,819238181065359361,379,2141
427,427,819227688460238848,6246,21804
428,428,819015337530290176,34556,0
429,429,819015331746349057,17806,0
430,430,819006400881917954,17806,43054
431,431,819004803107983360,34556,82731
432,432,818646164899774465,19465,0
433,433,818627210458333184,7063,21241
434,434,818614493328580609,2355,9310
435,435,818588835076603904,5700,0
436,436,818536468981415936,2273,10281
437,437,818307523543449600,7468,0
438,438,818259473185828864,2088,10424
439,439,818145370475810820,2370,11624
440,440,817908911860748288,741,4608
441,441,817827839487737858,25146,48671
442,442,817777686764523521,2521,10230
443,443,817536400337801217,2731,11133
444,444,817502432452313088,3146,0
445,445,817423860136083457,13605,31889
446,446,817415592588222464,890,5299
447,447,817181837579653120,7874,0
448,448,817171292965273600,1871,8315
449,449,817120970343411712,2415,11549
450,450,817056546584727552,1519,8145
451,451,816829038950027264,4396,0
452,452,816816676327063552,1898,9484
453,453,816697700272001025,2059,9249
454,454,816450570814898180,7468,28729
455,455,816336735214911488,1804,8169
456,456,816091915477250048,1991,8481
457,457,816062466425819140,944,0
458,458,816014286006976512,4886,0
459,459,815990720817401858,944,4692
460,460,815966073409433600,7874,21147
461,461,815745968457060357,3862,0
462,462,815736392542261248,2122,9313
463,463,815639385530101762,1555,7824
464,464,815390420867969024,3573,9831
465,465,814986499976527872,1187,7257
466,466,814638523311648768,2527,10698
467,467,814578408554463233,5464,0
468,468,814530161257443328,1742,8218
469,469,814153002265309185,8116,27263
470,470,813944609378369540,2960,0
471,471,813910438903693312,1735,8858
472,472,813812741911748608,13044,34655
473,473,813800681631023104,1650,7883
474,474,813217897535406080,6852,17700
475,475,813202720496779264,1707,8774
476,476,813187593374461952,4048,18847
477,477,813172488309972993,1809,8814
478,478,813157409116065792,2067,7381
479,479,813142292504645637,2245,8089
480,480,813130366689148928,418,4262
481,481,813127251579564032,2924,11215
482,482,813112105746448384,2572,9799
483,483,813096984823349248,3391,10044
484,484,813081950185472002,2598,9426
485,485,813066809284972545,1830,7544
486,486,813051746834595840,6867,19929
487,487,812781120811126785,1787,7158
488,488,812709060537683968,1353,6294
489,489,812503143955202048,1148,5743
490,490,812466873996607488,1802,7577
491,491,812372279581671427,3427,12944
492,492,811985624773361665,1312,6918
493,493,811744202451197953,1479,7164
494,494,811647686436880384,682,5322
495,495,811627233043480576,2856,12081
496,496,811386762094317568,5989,19885
497,497,810984652412424192,1334,5061
498,498,810896069567610880,1646,8550
499,499,810657578271330305,2471,10431
500,500,810284430598270976,10503,33343
501,501,810254108431155201,3169,13986
502,502,809920764300447744,3686,14790
503,503,809808892968534016,4584,0
504,504,809448704142938112,1371,6614
505,505,809220051211603969,5255,18907
506,506,809084759137812480,3307,12571
507,507,808838249661788160,2868,9649
508,508,808733504066486276,2034,7514
509,509,808501579447930884,2456,10763
510,510,808344865868283904,19465,40237
511,511,808134635716833280,5526,0
512,512,808106460588765185,2071,8391
513,513,808001312164028416,3318,11862
514,514,807621403335917568,3392,13869
515,515,807106840509214720,51710,111741
516,516,807059379405148160,6896,0
517,517,807010152071229440,3638,12486
518,518,806629075125202948,32407,70668
519,519,806620845233815552,5149,0
520,520,806576416489959424,1826,4663
521,521,806542213899489280,2219,9744
522,522,806242860592926720,10893,0
523,523,806219024703037440,1134,6138
524,524,805958939288408065,5020,0
525,525,805932879469572096,1803,7891
526,526,805826884734976000,1717,6245
527,527,805823200554876929,7484,0
528,528,805520635690676224,1552,5486
529,529,805487436403003392,2382,8357
530,530,805207613751304193,1629,7485
531,531,804738756058218496,3604,13003
532,532,804475857670639616,1892,5851
533,533,804413760345620481,3013,0
534,534,804026241225523202,15070,42101
535,535,803773340896923648,2591,9570
536,536,803692223237865472,6932,0
537,537,803638050916102144,3887,10386
538,538,803380650405482500,1770,7400
539,539,803321560782307329,4963,0
540,540,803276597545603072,2301,9562
541,541,802952499103731712,1875,8583
542,542,802624713319034886,2727,0
543,543,802600418706604034,1385,6771
544,544,802572683846291456,2360,8524
545,545,802323869084381190,5488,15354
546,546,802265048156610565,1299,6628
547,547,802239329049477120,2460,8656
548,548,802185808107208704,251,0
549,549,801958328846974976,1598,7371
550,550,801854953262350336,219,1726
551,551,801538201127157760,1954,7819
552,552,801285448605831168,773,5747
553,553,801167903437357056,5526,23202
554,554,801127390143516673,3703,0
555,555,801115127852503040,1986,7683
556,556,800859414831898624,91,646
557,557,800855607700029440,1520,0
558,558,800751577355128832,2638,10098
559,559,800513324630806528,2834,12510
560,560,800459316964663297,2063,9052
561,561,800443802682937345,4030,0
562,562,800388270626521089,2638,10630
563,563,800188575492947969,3698,0
564,564,800141422401830912,2396,14525
565,565,800018252395122689,12337,26935
566,566,799774291445383169,4376,0
567,567,799757965289017345,2005,7984
568,568,799422933579902976,1801,7692
569,569,799308762079035393,5094,0
570,570,799297110730567681,2569,9394
571,571,799063482566066176,2342,7697
572,572,798933969379225600,4162,12436
573,573,798925684722855936,1362,7165
574,574,798705661114773508,6225,0
575,575,798701998996647937,7256,0
576,576,798697898615730177,6104,0
577,577,798694562394996736,4645,0
578,578,798686750113755136,2181,0
579,579,798682547630837760,4438,0
580,580,798673117451325440,5228,0
581,581,798665375516884993,3679,0
582,582,798644042770751489,1747,0
583,583,798628517273620480,1867,0
584,584,798585098161549313,5279,0
585,585,798576900688019456,5492,0
586,586,798340744599797760,3143,0
587,587,798209839306514432,2425,9932
588,588,797971864723324932,2893,10968
589,589,797545162159308800,4622,13892
590,590,797236660651966464,6167,18953
591,591,797165961484890113,24,214
592,592,796904159865868288,8360,0
593,593,796865951799083009,1830,7319
594,594,796759840936919040,2838,11219
595,595,796563435802726400,6755,0
596,596,796484825502875648,1654,7193
597,597,796387464403357696,3895,10468
598,598,796177847564038144,13391,0
599,599,796149749086875649,13391,30553
600,600,796125600683540480,1686,4739
601,601,796116448414461957,2254,8652
602,602,796080075804475393,2173,8028
603,603,796031486298386433,3504,10283
604,604,795464331001561088,21997,46843
605,605,795400264262053889,2688,9522
606,606,795076730285391872,5107,15356
607,607,794983741416415232,3162,0
608,608,794926597468000259,2164,9693
609,609,794355576146903043,9673,0
610,610,794332329137291264,2541,9143
611,611,794205286408003585,3117,8776
612,612,793962221541933056,4584,15921
613,613,793845145112371200,1750,8781
614,614,793614319594401792,2932,0
615,615,793601777308463104,1519,7587
616,616,793500921481273345,2237,10136
617,617,793286476301799424,8604,23367
618,618,793271401113350145,2250,8262
619,619,793256262322548741,7814,18955
620,620,793241302385262592,3082,10003
621,621,793226087023144960,2720,9293
622,622,793210959003287553,2614,8489
623,623,793195938047070209,5282,14470
624,624,793180763617361921,1867,6575
625,625,793165685325201412,2631,8914
626,626,793150605191548928,1598,5859
627,627,793135492858580992,2362,6092
628,628,793120401413079041,3693,12038
629,629,792913359805018113,3719,13615
630,630,792883833364439040,4008,10721
631,631,792773781206999040,1574,7004
632,632,792394556390137856,4019,12740
633,633,792050063153438720,1674,6783
634,634,791821351946420224,19734,0
635,635,791784077045166082,8914,0
636,636,791780927877898241,3563,0
637,637,791774931465953280,20789,42805
638,638,791672322847637504,2932,11158
639,639,791406955684368384,3862,12495
640,640,791312159183634433,2369,8328
641,641,791026214425268224,3822,0
642,642,790987426131050500,1992,9316
643,643,790946055508652032,4396,15875
644,644,790723298204217344,2148,0
645,645,790698755171364864,1809,7810
646,646,790581949425475584,6656,19583
647,647,790337589677002753,1770,7424
648,648,790277117346975746,2960,11915
649,649,790227638568808452,3316,0
650,650,789986466051088384,2148,8812
651,651,789960241177853952,3841,0
652,652,789903600034189313,3889,9798
653,653,789628658055020548,1652,7088
654,654,789599242079838210,1797,6385
655,655,789530877013393408,3162,11097
656,656,789314372632018944,2141,8204
657,657,789280767834746880,4594,0
658,658,789268448748703744,2450,8668
659,659,789137962068021249,2609,9231
660,660,788908386943430656,11722,26095
661,661,788765914992902144,9673,25931
662,662,788552643979468800,6672,0
663,663,788412144018661376,4934,14743
664,664,788178268662984705,1981,6908
665,665,788150585577050112,1202,5806
666,666,788070120937619456,3217,0
667,667,788039637453406209,1231,5802
668,668,787810552592695296,2844,8163
669,669,787717603741622272,2589,9714
670,670,787397959788929025,2670,10344
671,671,787322443945877504,1628,7406
672,672,787111942498508800,6302,0
673,673,786963064373534720,7440,25301
674,674,786729988674449408,2277,0
675,675,786709082849828864,5736,17380
676,676,786664955043049472,2367,10060
677,677,786595970293370880,2922,8989
678,678,786363235746385920,3223,10288
679,679,786286427768250368,2651,7566
680,680,786233965241827333,4385,14418
681,681,786051337297522688,148,1354
682,682,786036967502913536,6506,0
683,683,785927819176054784,2993,10824
684,684,785872687017132033,1674,6350
685,685,785639753186217984,2106,7464
686,686,785533386513321988,1843,8603
687,687,785515384317313025,1166,5798
688,688,785264754247995392,1520,6912
689,689,785170936622350336,4505,11388
690,690,784826020293709826,3013,9582
691,691,784517518371221505,2369,8504
692,692,784431430411685888,1184,5450
693,693,784183165795655680,7484,18976
694,694,784057939640352768,10371,28136
695,695,783839966405230592,10058,28423
696,696,783821107061198850,1830,6995
697,697,783695101801398276,2992,9880
698,698,783466772167098368,2077,7990
699,699,783391753726550016,5099,16012
700,700,783347506784731136,5150,0
701,701,783334639985389568,10893,27518
702,702,783085703974514689,2021,7742
703,703,782969140009107456,6896,22837
704,704,782747134529531904,1319,7077
705,705,782722598790725632,5020,16309
706,706,782598640137187329,1768,7388
707,707,782305867769217024,5130,15726
708,708,782021823840026624,5743,0
709,709,781955203444699136,3141,10576
710,710,781661882474196992,2529,9890
711,711,781655249211752448,1053,3786
712,712,781524693396357120,5149,19604
713,713,781308096455073793,2385,6753
714,714,781251288990355457,1931,7927
715,715,781163403222056960,2584,9284
716,716,780931614150983680,6755,20502
717,717,780858289093574656,1868,6809
718,718,780800785462489090,1201,5196
719,719,780601303617732608,3127,11434
720,720,780543529827336192,1628,5953
721,721,780496263422808064,3428,0
722,722,780476555013349377,103,0
723,723,780459368902959104,1005,5002
724,724,780192070812196864,2090,8224
725,725,780092040432480260,2139,0
726,726,780074436359819264,4574,11436
727,727,779834332596887552,6506,17774
728,728,779377524342161408,2892,8261
729,729,779124354206535695,17038,0
730,730,779056095788752897,4215,13912
731,731,778990705243029504,6663,18765
732,732,778774459159379968,9165,0
733,733,778764940568104960,338,821
734,734,778748913645780993,1208,6467
735,735,778650543019483137,1393,5429
736,736,778624900596654080,943,4345
737,737,778408200802557953,4011,12875
738,738,778396591732486144,11349,0
739,739,778383385161035776,1019,5509
740,740,778286810187399168,3064,9747
741,741,778039087836069888,2469,7997
742,742,778027034220126208,1494,6203
743,743,777953400541634568,3272,0
744,744,777885040357281792,1517,5999
745,745,777684233540206592,2727,10630
746,746,777641927919427584,3923,0
747,747,777621514455814149,2344,8227
748,748,777189768882946048,3988,13335
749,749,776819012571455488,12617,0
750,750,776813020089548800,1114,4608
751,751,776477788987613185,2562,8256
752,752,776249906839351296,8468,0
753,753,776218204058357768,14744,28127
754,754,776201521193218049,2336,9035
755,755,776113305656188928,4030,11126
756,756,776088319444877312,141,1717
757,757,775898661951791106,15549,0
758,758,775842724423557120,2466,11043
759,759,775733305207554048,3703,13096
760,760,775729183532220416,4282,12279
761,761,775364825476165632,2717,6953
762,762,775350846108426240,3628,9586
763,763,775085132600442880,4376,14635
764,764,774757898236878852,1656,8143
765,765,774639387460112384,1616,6369
766,766,774314403806253056,5094,20559
767,767,773985732834758656,3589,10174
768,768,773922284943896577,1629,6064
769,769,773704687002451968,1498,6243
770,770,773670353721753600,1225,5059
771,771,773547596996571136,5700,20839
772,772,773336787167145985,4677,0
773,773,773308824254029826,6954,21998
774,774,773247561583001600,3007,8890
775,775,773191612633579521,3809,9402
776,776,772877495989305348,3581,8054
777,777,772826264096874500,2211,7574
778,778,772615324260794368,3120,0
779,779,772581559778025472,1588,6119
780,780,772193107915964416,1291,5686
781,781,772152991789019136,1054,3595
782,782,772117678702071809,688,3557
783,783,772114945936949249,440,2585
784,784,772102971039580160,866,3777
785,785,771908950375665664,1758,6193
786,786,771770456517009408,3143,11299
787,787,771500966810099713,2423,7783
788,788,771380798096281600,4677,9924
789,789,771171053431250945,6902,0
790,790,771136648247640064,2711,8618
791,791,771102124360998913,1337,5870
792,792,771014301343748096,1539,6492
793,793,770787852854652928,1105,4625
794,794,770772759874076672,1328,4894
795,795,770655142660169732,1669,6932
796,796,770414278348247044,1928,5952
797,797,770293558247038976,1357,5858
798,798,770093767776997377,2818,0
799,799,770069151037685760,2127,7154
800,800,769940425801170949,8840,29318
801,801,769695466921623552,1564,6050
802,802,769335591808995329,7133,0
803,803,769212283578875904,1601,5089
804,804,768970937022709760,6006,13418
805,805,768909767477751808,2444,0
806,806,768855141948723200,827,3941
807,807,768609597686943744,1099,3864
808,808,768596291618299904,1189,4739
809,809,768554158521745409,5390,0
810,810,768473857036525572,3163,12788
811,811,768193404517830656,3272,10204
812,812,767884188863397888,1266,4473
813,813,767754930266464257,4963,15002
814,814,767500508068192258,2152,7066
815,815,767191397493538821,3480,11553
816,816,767122157629476866,2651,9563
817,817,766793450729734144,1260,4752
818,818,766714921925144576,348,2466
819,819,766693177336135680,730,3800
820,820,766423258543644672,1459,5646
821,821,766313316352462849,1735,6349
822,822,766078092750233600,2424,0
823,823,766069199026450432,778,3951
824,824,766008592277377025,461,3543
825,825,765719909049503744,1997,6812
826,826,765669560888528897,1133,4860
827,827,765395769549590528,3119,25138
828,828,765371061932261376,2007,6686
829,829,765222098633691136,3120,10942
830,830,764857477905154048,1650,6090
831,831,764259802650378240,1395,5650
832,832,763956972077010945,50,734
833,833,763837565564780549,3822,11779
834,834,763183847194451968,1359,5065
835,835,763167063695355904,2755,0
836,836,763103485927849985,2125,6939
837,837,762699858130116608,3316,11377
838,838,762471784394268675,5926,10527
839,839,762464539388485633,3841,9656
840,840,762316489655476224,1030,4508
841,841,762035686371364864,14317,29849
842,842,761976711479193600,1830,5051
843,843,761750502866649088,3590,0
844,844,761745352076779520,794,4026
845,845,761672994376806400,26778,46321
846,846,761599872357261312,1102,3890
847,847,761371037149827077,16673,0
848,848,761334018830917632,1342,4837
849,849,761292947749015552,1001,4200
850,850,761227390836215808,1447,5010
851,851,761004547850530816,3217,10659
852,852,760893934457552897,890,3577
853,853,760656994973933572,1753,6187
854,854,760641137271070720,1190,4684
855,855,760539183865880579,3349,7086
856,856,760521673607086080,1288,3928
857,857,760290219849637889,10582,25109
858,858,760252756032651264,798,3713
859,859,760190180481531904,1655,5362
860,860,760153949710192640,28,0
861,861,759943073749200896,1934,5540
862,862,759846353224826880,1801,6302
863,863,759793422261743616,1763,5590
864,864,759557299618865152,1105,4409
865,865,759447681597108224,2277,7954
866,866,759446261539934208,454,1566
867,867,759197388317847553,1804,5707
868,868,759159934323924993,1068,0
869,869,759099523532779520,3829,13643
870,870,759047813560868866,1851,6082
871,871,758854675097526272,843,3332
872,872,758828659922702336,3558,10494
873,873,758740312047005698,1500,5386
874,874,758474966123810816,918,3566
875,875,758467244762497024,2031,4482
876,876,758405701903519748,1767,4883
877,877,758355060040593408,967,3163
878,878,758099635764359168,9165,17749
879,879,758041019896193024,339,2538
880,880,757741869644341248,3030,6433
881,881,757729163776290825,7215,0
882,882,757725642876129280,1114,4260
883,883,757611664640446465,1010,4298
884,884,757597904299253760,278,0
885,885,757596066325864448,959,4080
886,886,757400162377592832,6330,14161
887,887,757393109802180609,1580,5456
888,888,757354760399941633,1302,4218
889,889,756998049151549440,1836,5882
890,890,756939218950160384,1843,6230
891,891,756651752796094464,1193,4709
892,892,756526248105566208,3305,9727
893,893,756303284449767430,1006,3707
894,894,756288534030475264,16336,41250
895,895,756275833623502848,1408,5989
896,896,755955933503782912,2635,6835
897,897,755206590534418437,4916,15327
898,898,755110668769038337,10201,19779
899,899,754874841593970688,7253,0
900,900,754856583969079297,2312,6456
901,901,754747087846248448,478,2423
902,902,754482103782404096,1794,4942
903,903,754449512966619136,673,3512
904,904,754120377874386944,2164,7407
905,905,753655901052166144,1998,5465
906,906,753420520834629632,3239,7361
907,907,753398408988139520,1734,5364
908,908,753375668877008896,2139,7152
909,909,753298634498793472,5216,0
910,910,753294487569522689,961,3132
911,911,753039830821511168,19214,34637
912,912,753026973505581056,878,3661
913,913,752932432744185856,6302,11777
914,914,752917284578922496,1444,6513
915,915,752701944171524096,2622,0
916,916,752682090207055872,1462,5615
917,917,752660715232722944,1425,4083
918,918,752568224206688256,2090,5121
919,919,752519690950500352,3157,6872
920,920,752334515931054080,1010,3596
921,921,752309394570878976,14909,0
922,922,752173152931807232,1674,5557
923,923,751950017322246144,832,2855
924,924,751937170840121344,1202,4842
925,925,751830394383790080,1791,5448
926,926,751793661361422336,2622,5404
927,927,751598357617971201,2834,7424
928,928,751583847268179968,1006,4114
929,929,751538714308972544,1149,4728
930,930,751456908746354688,925,3016
931,931,751251247299190784,5399,11748
932,932,751205363882532864,1668,5914
933,933,751132876104687617,1188,4735
934,934,750868782890057730,1252,4473
935,935,750719632563142656,4594,12277
936,936,750506206503038976,1056,4146
937,937,750429297815552001,3923,12313
938,938,750383411068534784,1042,4272
939,939,750381685133418496,27,670
940,940,750147208377409536,877,2918
941,941,750132105863102464,1184,3378
942,942,750117059602808832,1213,4059
943,943,750101899009982464,777,2853
944,944,750086836815486976,493,2028
945,945,750071704093859840,3038,7262
946,946,750056684286914561,822,2961
947,947,750041628174217216,568,2971
948,948,750026558547456000,721,2536
949,949,750011400160841729,821,3018
950,950,749996283729883136,758,2837
951,951,749981277374128128,2279,4787
952,952,749774190421639168,1213,4359
953,953,749417653287129088,1518,5700
954,954,749403093750648834,493,2445
955,955,749395845976588288,3158,7973
956,956,749317047558017024,2052,5107
957,957,749075273010798592,1890,5377
958,958,749064354620928000,1409,4508
959,959,749036806121881602,731,2886
960,960,748977405889503236,3138,10045
961,961,748932637671223296,2064,5416
962,962,748705597323898880,879,2588
963,963,748699167502000129,1460,4421
964,964,748692773788876800,1229,3962
965,965,748575535303884801,1814,5646
966,966,748568946752774144,611,2051
967,967,748346686624440324,1124,4865
968,968,748337862848962560,3742,7075
969,969,748324050481647620,695,3462
970,970,748307329658011649,656,3448
971,971,748220828303695873,7127,13163
972,972,747963614829678593,1961,5394
973,973,747933425676525569,2361,6183
974,974,747885874273214464,882,2728
975,975,747844099428986880,677,2632
976,976,747816857231626240,1061,4506
977,977,747651430853525504,144,1276
978,978,747648653817413632,5342,11992
979,979,747600769478692864,523,2172
980,980,747594051852075008,951,3428
981,981,747512671126323200,1478,5141
982,982,747461612269887489,950,3601
983,983,747439450712596480,1753,5045
984,984,747242308580548608,2638,0
985,985,747219827526344708,1444,4903
986,986,747204161125646336,833,3131
987,987,747103485104099331,3632,8909
988,988,746906459439529985,271,2726
989,989,746872823977771008,1953,5585
990,990,746818907684614144,1599,4956
991,991,746790600704425984,1467,4531
992,992,746757706116112384,3563,8862
993,993,746726898085036033,1642,5644
994,994,746542875601690625,1748,4701
995,995,746521445350707200,901,0
996,996,746507379341139972,991,4346
997,997,746369468511756288,1491,5774
998,998,746131877086527488,2006,6405
999,999,746056683365994496,742,3329
1000,1000,745789745784041472,966,3679
1001,1001,745712589599014916,2134,6516
1002,1002,745433870967832576,2314,6551
1003,1003,745422732645535745,2208,7953
1004,1004,745314880350101504,2486,6615
1005,1005,745074613265149952,3189,7288
1006,1006,745057283344719872,2057,6764
1007,1007,744995568523612160,569,2752
1008,1008,744971049620602880,2451,7315
1009,1009,744709971296780288,1442,5233
1010,1010,744334592493166593,1938,6345
1011,1011,744234799360020481,70777,144936
1012,1012,744223424764059648,327,1535
1013,1013,743980027717509120,1006,3905
1014,1014,743895849529389061,881,3409
1015,1015,743835915802583040,1875,0
1016,1016,743609206067040256,1270,4164
1017,1017,743595368194129920,5969,16997
1018,1018,743545585370791937,863,3286
1019,1019,743510151680958465,3422,7422
1020,1020,743253157753532416,1125,3938
1021,1021,743222593470234624,1745,5742
1022,1022,743210557239623680,1239,3560
1023,1023,742534281772302336,3286,6572
1024,1024,742528092657332225,1797,4116
1025,1025,742465774154047488,3611,6768
1026,1026,742423170473463808,3428,9117
1027,1027,742385895052087300,1780,6298
1028,1028,742161199639494656,1249,4012
1029,1029,742150209887731712,1402,4724
1030,1030,741793263812808706,1388,4220
1031,1031,741743634094141440,2505,7558
1032,1032,741438259667034112,748,3421
1033,1033,741303864243200000,2928,8145
1034,1034,741099773336379392,5032,9250
1035,1035,741067306818797568,2818,8877
1036,1036,740995100998766593,2478,5839
1037,1037,740711788199743490,865,3153
1038,1038,740699697422163968,710,2653
1039,1039,740676976021798912,6225,16860
1040,1040,740373189193256964,12148,32620
1041,1041,740365076218183684,389,2254
1042,1042,740359016048689152,798,3052
1043,1043,740214038584557568,1791,6197
1044,1044,739979191639244800,5390,18537
1045,1045,739932936087216128,988,3764
1046,1046,739844404073074688,791,3535
1047,1047,739623569819336705,1242,3502
1048,1048,739606147276148736,1496,5002
1049,1049,739544079319588864,19290,36519
1050,1050,739485634323156992,2645,6614
1051,1051,739238157791694849,52922,107292
1052,1052,738891149612572673,6,91
1053,1053,738885046782832640,1047,3506
1054,1054,738883359779196928,724,3054
1055,1055,738537504001953792,1401,4711
1056,1056,738402415918125056,744,3020
1057,1057,738184450748633089,1109,3986
1058,1058,738166403467907072,3043,8096
1059,1059,738156290900254721,587,2293
1060,1060,737826014890496000,1611,4844
1061,1061,737800304142471168,3179,9293
1062,1062,737678689543020544,1203,4641
1063,1063,737445876994609152,4070,9473
1064,1064,737322739594330112,737,3329
1065,1065,737310737551491075,6763,13555
1066,1066,736736130620620800,1545,3892
1067,1067,736392552031657984,6672,16378
1068,1068,736365877722001409,1118,3685
1069,1069,736225175608430592,2551,7505
1070,1070,736010884653420544,2711,7265
1071,1071,735991953473572864,1038,3303
1072,1072,735648611367784448,1017,3738
1073,1073,735635087207878657,2148,5679
1074,1074,735274964362878976,4555,12060
1075,1075,735256018284875776,804,3076
1076,1076,735137028879360001,886,2886
1077,1077,734912297295085568,472,2551
1078,1078,734787690684657664,5768,11589
1079,1079,734776360183431168,489,2328
1080,1080,734559631394082816,355,1378
1081,1081,733828123016450049,718,3312
1082,1082,733822306246479872,932,3393
1083,1083,733482008106668032,855,2885
1084,1084,733460102733135873,1141,3878
1085,1085,733109485275860992,15549,49416
1086,1086,732732193018155009,484,2233
1087,1087,732726085725589504,801,3298
1088,1088,732585889486888962,713,3368
1089,1089,732375214819057664,2288,7446
1090,1090,732005617171337216,4886,13716
1091,1091,731285275100512256,904,3226
1092,1092,731156023742988288,1145,3554
1093,1093,730924654643314689,1792,5658
1094,1094,730573383004487680,1919,4478
1095,1095,730427201120833536,942,3212
1096,1096,730211855403241472,960,3509
1097,1097,730196704625098752,1710,4452
1098,1098,729854734790754305,1018,3722
1099,1099,729838605770891264,339,1604
1100,1100,729823566028484608,1128,3664
1101,1101,729463711119904772,2100,5333
1102,1102,729113531270991872,288,1743
1103,1103,728986383096946689,742,2893
1104,1104,728760639972315136,1547,4304
1105,1105,728751179681943552,619,2554
1106,1106,728653952833728512,949,3068
1107,1107,728409960103686147,1827,4511
1108,1108,728387165835677696,880,3432
1109,1109,728046963732717569,1086,3952
1110,1110,728035342121635841,1516,4170
1111,1111,728015554473250816,993,3798
1112,1112,727685679342333952,577,2738
1113,1113,727644517743104000,1592,5404
1114,1114,727524757080539137,1089,4123
1115,1115,727314416056803329,673,3073
1116,1116,727286334147182592,747,2834
1117,1117,727175381690781696,1247,3604
1118,1118,727155742655025152,1202,3336
1119,1119,726935089318363137,2214,6324
1120,1120,726887082820554753,1372,3537
1121,1121,726828223124897792,920,3311
1122,1122,726224900189511680,1044,4090
1123,1123,725842289046749185,2424,6537
1124,1124,725786712245440512,1250,3855
1125,1125,725729321944506368,1611,4807
1126,1126,725458796924002305,557,1308
1127,1127,724983749226668032,1172,3452
1128,1128,724771698126512129,568,2163
1129,1129,724405726123311104,1516,4883
1130,1130,724049859469295616,1623,3989
1131,1131,724046343203856385,513,2457
1132,1132,724004602748780546,1395,3841
1133,1133,723912936180330496,1129,3599
1134,1134,723688335806480385,2650,7059
1135,1135,723673163800948736,816,2795
1136,1136,723179728551723008,1696,4876
1137,1137,722974582966214656,1443,3779
1138,1138,722613351520608256,1496,4596
1139,1139,721503162398597120,1649,4242
1140,1140,721001180231503872,552,2351
1141,1141,720785406564900865,700,2865
1142,1142,720775346191278080,571,2260
1143,1143,720415127506415616,1367,3808
1144,1144,720389942216527872,2270,5885
1145,1145,720340705894408192,882,2630
1146,1146,720059472081784833,1022,3566
1147,1147,720043174954147842,1822,4587
1148,1148,719991154352222208,1600,4495
1149,1149,719704490224398336,1302,4190
1150,1150,719551379208073216,1717,4659
1151,1151,719367763014393856,692,2606
1152,1152,719339463458033665,1122,4117
1153,1153,719332531645071360,861,3185
1154,1154,718971898235854848,986,3219
1155,1155,718939241951195136,1588,4813
1156,1156,718631497683582976,7256,17403
1157,1157,718613305783398402,430,2265
1158,1158,718540630683709445,927,2249
1159,1159,718460005985447936,480,2512
1160,1160,718454725339934721,1384,4518
1161,1161,718246886998687744,448,1766
1162,1162,718234618122661888,915,3576
1163,1163,717841801130979328,545,2281
1164,1164,717790033953034240,991,2638
1165,1165,717537687239008257,1667,5335
1166,1166,717428917016076293,408,1481
1167,1167,717421804990701568,761,2900
1168,1168,717047459982213120,1746,5820
1169,1169,717009362452090881,873,2988
1170,1170,716802964044845056,1051,3976
1171,1171,716791146589110272,1459,7757
1172,1172,716730379797970944,397,1137
1173,1173,716447146686459905,5330,12049
1174,1174,716439118184652801,191,2203
1175,1175,716285507865542656,969,2565
1176,1176,716080869887381504,1713,6267
1177,1177,715928423106027520,796,2941
1178,1178,715758151270801409,1293,3428
1179,1179,715733265223708672,1536,4301
1180,1180,715704790270025728,515,2569
1181,1181,715696743237730304,1171,3622
1182,1182,715680795826982913,1449,3982
1183,1183,715360349751484417,1414,5051
1184,1184,715342466308784130,627,2801
1185,1185,715220193576927233,591,2224
1186,1186,715200624753819648,1691,4765
1187,1187,715009755312439296,1107,3829
1188,1188,714982300363173890,937,3439
1189,1189,714962719905021952,3847,6768
1190,1190,714957620017307648,1284,3825
1191,1191,714631576617938945,901,3021
1192,1192,714606013974974464,834,3356
1193,1193,714485234495041536,1013,2463
1194,1194,714258258790387713,672,2830
1195,1195,714251586676113411,764,3035
1196,1196,714214115368108032,802,2123
1197,1197,714141408463036416,1285,4015
1198,1198,713919462244790272,724,3053
1199,1199,713909862279876608,486,1755
1200,1200,713900603437621249,665,2629
1201,1201,713761197720473600,1244,4477
1202,1202,713411074226274305,1190,4104
1203,1203,713177543487135744,2601,6669
1204,1204,713175907180089344,1337,4099
1205,1205,712809025985978368,6104,17600
1206,1206,712717840512598017,4521,11355
1207,1207,712668654853337088,1103,3838
1208,1208,712438159032893441,1423,4919
1209,1209,712309440758808576,24,222
1210,1210,712097430750289920,940,3475
1211,1211,712092745624633345,814,2718
1212,1212,712085617388212225,438,3024
1213,1213,712065007010385924,570,2080
1214,1214,711998809858043904,122,0
1215,1215,711968124745228288,2098,7433
1216,1216,711743778164514816,912,2627
1217,1217,711732680602345472,3705,8112
1218,1218,711694788429553666,16673,30347
1219,1219,711652651650457602,823,3562
1220,1220,711363825979756544,1020,3336
1221,1221,711306686208872448,681,3060
1222,1222,711008018775851008,560,2751
1223,1223,710997087345876993,1267,4224
1224,1224,710844581445812225,614,2358
1225,1225,710833117892898816,477,2478
1226,1226,710658690886586372,515,2145
1227,1227,710609963652087808,2164,4446
1228,1228,710588934686908417,1702,4188
1229,1229,710296729921429505,672,2209
1230,1230,710283270106132480,482,2003
1231,1231,710272297844797440,1146,4157
1232,1232,710269109699739648,1019,2205
1233,1233,710153181850935296,814,2691
1234,1234,710140971284037632,807,2526
1235,1235,710117014656950272,1785,5043
1236,1236,709918798883774466,996,3239
1237,1237,709901256215666688,92,610
1238,1238,709852847387627521,1092,3246
1239,1239,709566166965075968,1077,3263
1240,1240,709556954897764353,976,3029
1241,1241,709519240576036864,219,1389
1242,1242,709449600415961088,520,2030
1243,1243,709409458133323776,617,2432
1244,1244,709225125749587968,523,2217
1245,1245,709207347839836162,5198,11455
1246,1246,709198395643068416,591,2274
1247,1247,709179584944730112,611,1860
1248,1248,709158332880297985,367,1883
1249,1249,709042156699303936,1483,4350
1250,1250,708853462201716736,595,1672
1251,1251,708845821941387268,806,2747
1252,1252,708834316713893888,452,1556
1253,1253,708810915978854401,6274,15266
1254,1254,708738143638450176,744,2550
1255,1255,708711088997666817,641,2345
1256,1256,708479650088034305,619,2348
1257,1257,708469915515297792,733,2861
1258,1258,708400866336894977,9099,14709
1259,1259,708356463048204288,1201,3310
1260,1260,708349470027751425,678,2194
1261,1261,708149363256774660,1415,3997
1262,1262,708130923141795840,786,3106
1263,1263,708119489313951744,899,2490
1264,1264,708109389455101952,502,1807
1265,1265,708026248782585858,1754,4078
1266,1266,707995814724026368,1018,2882
1267,1267,707983188426153984,2,45
1268,1268,707969809498152960,870,2494
1269,1269,707776935007539200,875,3016
1270,1270,707741517457260545,558,2295
1271,1271,707738799544082433,2210,3745
1272,1272,707693576495472641,920,3132
1273,1273,707629649552134146,788,2361
1274,1274,707610948723478529,5743,15640
1275,1275,707420581654872064,636,2077
1276,1276,707411934438625280,546,2120
1277,1277,707387676719185920,1151,3226
1278,1278,707377100785885184,979,3020
1279,1279,707315916783140866,580,2289
1280,1280,707297311098011648,713,2589
1281,1281,707059547140169728,619,2407
1282,1282,707038192327901184,720,2021
1283,1283,707021089608753152,1227,3743
1284,1284,707014260413456384,546,2121
1285,1285,706904523814649856,7133,13476
1286,1286,706901761596989440,528,1892
1287,1287,706681918348251136,896,3033
1288,1288,706644897839910912,990,2355
1289,1289,706593038911545345,582,1992
1290,1290,706538006853918722,1299,3202
1291,1291,706516534877929472,932,2882
1292,1292,706346369204748288,844,3184
1293,1293,706310011488698368,7159,19586
1294,1294,706291001778950144,439,1572
1295,1295,706265994973601792,852,2527
1296,1296,706169069255446529,2007,3601
1297,1297,706166467411222528,1459,4746
1298,1298,706153300320784384,346,1365
1299,1299,705975130514706432,666,2869
1300,1300,705970349788291072,800,2935
1301,1301,705898680587526145,497,2195
1302,1302,705786532653883392,469,1799
1303,1303,705591895322394625,1036,2921
1304,1304,705475953783398401,833,2753
1305,1305,705442520700944385,1465,4079
1306,1306,705428427625635840,1526,3523
1307,1307,705239209544720384,679,2779
1308,1308,705223444686888960,716,2383
1309,1309,705102439679201280,476,1967
1310,1310,705066031337840642,556,2020
1311,1311,704871453724954624,1019,3970
1312,1312,704859558691414016,477,2076
1313,1313,704847917308362754,1371,4714
1314,1314,704819833553219584,900,2455
1315,1315,704761120771465216,2638,6152
1316,1316,704499785726889984,908,2668
1317,1317,704491224099647488,71,690
1318,1318,704480331685040129,983,3156
1319,1319,704364645503647744,3238,7363
1320,1320,704347321748819968,314,1449
1321,1321,704134088924532736,413,1389
1322,1322,704113298707505153,521,1719
1323,1323,704054845121142784,845,2699
1324,1324,703774238772166656,405,1712
1325,1325,703769065844768768,1025,3023
1326,1326,703631701117943808,602,2370
1327,1327,703611486317502464,1386,3552
1328,1328,703425003149250560,1225,3510
1329,1329,703407252292673536,624,2261
1330,1330,703382836347330562,1035,3231
1331,1331,703356393781329922,347,1772
1332,1332,703268521220972544,495,1829
1333,1333,703079050210877440,2811,6832
1334,1334,703041949650034688,11349,24384
1335,1335,702932127499816960,655,2376
1336,1336,702899151802126337,413,1485
1337,1337,702684942141153280,966,2992
1338,1338,702671118226825216,509,2024
1339,1339,702598099714314240,3146,11359
1340,1340,702539513671897089,875,2655
1341,1341,702332542343577600,1388,2942
1342,1342,702321140488925184,956,3035
1343,1343,702276748847800320,696,2287
1344,1344,702217446468493312,1229,4402
1345,1345,701981390485725185,894,3168
1346,1346,701952816642965504,933,3551
1347,1347,701889187134500865,1259,3257
1348,1348,701805642395348998,1512,3130
1349,1349,701601587219795968,416,1931
1350,1350,701570477911896070,841,2585
1351,1351,701545186879471618,552,2458
1352,1352,701214700881756160,4645,11301
1353,1353,700890391244103680,511,2047
1354,1354,700864154249383937,561,2405
1355,1355,700847567345688576,453,2283
1356,1356,700796979434098688,864,2263
1357,1357,700747788515020802,8468,21062
1358,1358,700518061187723268,723,2401
1359,1359,700505138482569216,524,2114
1360,1360,700462010979500032,1628,3790
1361,1361,700167517596164096,657,2439
1362,1362,700151421916807169,611,2060
1363,1363,700143752053182464,2444,6945
1364,1364,700062718104104960,615,2454
1365,1365,700029284593901568,532,1921
1366,1366,700002074055016451,1206,3038
1367,1367,699801817392291840,852,2780
1368,1368,699788877217865730,470,2066
1369,1369,699779630832685056,1112,2512
1370,1370,699775878809702401,541,1812
1371,1371,699691744225525762,4168,9492
1372,1372,699446877801091073,2402,5526
1373,1373,699434518667751424,468,2036
1374,1374,699423671849451520,290,1252
1375,1375,699413908797464576,573,1933
1376,1376,699370870310113280,395,1756
1377,1377,699323444782047232,784,2910
1378,1378,699088579889332224,568,2091
1379,1379,699079609774645248,576,2261
1380,1380,699072405256409088,1081,2724
1381,1381,699060279947165696,1627,3438
1382,1382,699036661657767936,1094,2411
1383,1383,698989035503689728,879,3088
1384,1384,698953797952008193,832,2492
1385,1385,698907974262222848,556,2344
1386,1386,698710712454139905,621,2278
1387,1387,698703483621523456,337,1331
1388,1388,698635131305795584,315,1198
1389,1389,698549713696649216,561,2150
1390,1390,698355670425473025,397,1708
1391,1391,698342080612007937,873,2082
1392,1392,698262614669991936,1801,4418
1393,1393,698195409219559425,5464,15553
1394,1394,698178924120031232,678,2597
1395,1395,697995514407682048,307,1416
1396,1396,697990423684476929,1175,3023
1397,1397,697943111201378304,618,2209
1398,1398,697881462549430272,1059,2790
1399,1399,697630435728322560,498,1604
1400,1400,697616773278015490,926,2901
1401,1401,697596423848730625,1136,2791
1402,1402,697575480820686848,455,1895
1403,1403,697516214579523584,997,1882
1404,1404,697482927769255936,604,2246
1405,1405,697463031882764288,1276,3178
1406,1406,697270446429966336,1721,4355
1407,1407,697259378236399616,909,3048
1408,1408,697255105972801536,1059,2854
1409,1409,697242256848379904,618,2334
1410,1410,696900204696625153,941,2927
1411,1411,696894894812565505,621,2176
1412,1412,696886256886657024,1631,4459
1413,1413,696877980375769088,643,2267
1414,1414,696754882863349760,329,1374
1415,1415,696744641916489729,838,1898
1416,1416,696713835009417216,588,2183
1417,1417,696518437233913856,1573,3647
1418,1418,696490539101908992,127,1137
1419,1419,696488710901260288,930,2320
1420,1420,696405997980676096,1056,2935
1421,1421,696100768806522880,588,1782
1422,1422,695816827381944320,1056,2771
1423,1423,695794761660297217,709,2923
1424,1424,695767669421768709,666,1712
1425,1425,695629776980148225,1900,4213
1426,1426,695446424020918272,1658,4105
1427,1427,695409464418041856,3261,8017
1428,1428,695314793360662529,1305,3345
1429,1429,695095422348574720,552,2466
1430,1430,695074328191332352,998,2622
1431,1431,695064344191721472,530,1482
1432,1432,695051054296211456,718,2443
1433,1433,694925794720792577,824,2503
1434,1434,694905863685980160,841,2543
1435,1435,694669722378485760,13117,33106
1436,1436,694356675654983680,251,1391
1437,1437,694352839993344000,545,1885
1438,1438,694342028726001664,432,1465
1439,1439,694329668942569472,451,1829
1440,1440,694206574471057408,1860,3827
1441,1441,694183373896572928,844,2717
1442,1442,694001791655137281,926,3148
1443,1443,693993230313091072,360,1741
1444,1444,693942351086120961,331,1628
1445,1445,693647888581312512,523,2483
1446,1446,693644216740769793,115,1267
1447,1447,693642232151285760,379,2363
1448,1448,693629975228977152,723,2266
1449,1449,693622659251335168,339,1422
1450,1450,693590843962331137,1786,4668
1451,1451,693582294167244802,223,1524
1452,1452,693486665285931008,572,1633
1453,1453,693280720173801472,1126,3097
1454,1454,693267061318012928,735,2205
1455,1455,693262851218264065,452,2053
1456,1456,693231807727280129,673,2663
1457,1457,693155686491000832,2907,7275
1458,1458,693109034023534592,552,1569
1459,1459,693095443459342336,406,1708
1460,1460,692919143163629568,700,2508
1461,1461,692905862751522816,791,2245
1462,1462,692901601640583168,540,1621
1463,1463,692894228850999298,720,2089
1464,1464,692828166163931137,799,2665
1465,1465,692752401762250755,3313,6298
1466,1466,692568918515392513,1397,4040
1467,1467,692535307825213440,1238,2911
1468,1468,692530551048294401,370,1709
1469,1469,692423280028966913,198,1369
1470,1470,692417313023332352,3146,8678
1471,1471,692187005137076224,750,2342
1472,1472,692158366030913536,722,1977
1473,1473,692142790915014657,355,1515
1474,1474,692041934689402880,1134,3131
1475,1475,692017291282812928,873,2679
1476,1476,691820333922455552,1499,3663
1477,1477,691793053716221953,3840,7507
1478,1478,691756958957883396,889,2609
1479,1479,691675652215414786,461,1800
1480,1480,691483041324204033,502,2208
1481,1481,691459709405118465,1028,3741
1482,1482,691444869282295808,755,2442
1483,1483,691416866452082688,6932,17897
1484,1484,691321916024623104,602,2392
1485,1485,691096613310316544,797,2768
1486,1486,691090071332753408,307,1606
1487,1487,690989312272396288,2621,5456
1488,1488,690959652130045952,1120,3326
1489,1489,690938899477221376,1757,3782
1490,1490,690932576555528194,911,3031
1491,1491,690735892932222976,1158,3509
1492,1492,690728923253055490,469,2009
1493,1493,690690673629138944,751,2157
1494,1494,690649993829576704,250,1202
1495,1495,690607260360429569,14,278
1496,1496,690597161306841088,549,1789
1497,1497,690400367696297985,406,1747
1498,1498,690374419777196032,764,2979
1499,1499,690360449368465409,796,2455
1500,1500,690348396616552449,466,1374
1501,1501,690248561355657216,370,1544
1502,1502,690021994562220032,925,2588
1503,1503,690015576308211712,664,2312
1504,1504,690005060500217858,1540,3392
1505,1505,689999384604450816,329,1308
1506,1506,689993469801164801,409,1349
1507,1507,689977555533848577,410,1273
1508,1508,689905486972461056,624,2263
1509,1509,689877686181715968,1046,2808
1510,1510,689835978131935233,689,2024
1511,1511,689661964914655233,852,3004
1512,1512,689659372465688576,3490,9549
1513,1513,689623661272240129,581,2047
1514,1514,689599056876867584,5032,10794
1515,1515,689557536375177216,406,1905
1516,1516,689517482558820352,1301,3139
1517,1517,689289219123089408,852,2075
1518,1518,689283819090870273,1005,3025
1519,1519,689280876073582592,642,1831
1520,1520,689275259254616065,225,1057
1521,1521,689255633275777024,978,2358
1522,1522,689154315265683456,900,2864
1523,1523,689143371370250240,458,1870
1524,1524,688916208532455424,774,2501
1525,1525,688908934925697024,708,1945
1526,1526,688898160958271489,711,1931
1527,1527,688894073864884227,622,2063
1528,1528,688828561667567616,326,1282
1529,1529,688804835492233216,170,890
1530,1530,688789766343622656,605,2062
1531,1531,688547210804498433,627,2406
1532,1532,688519176466644993,661,2156
1533,1533,688385280030670848,4091,8575
1534,1534,688211956440801280,761,2084
1535,1535,688179443353796608,532,1982
1536,1536,688116655151435777,701,2619
1537,1537,688064179421470721,325,1602
1538,1538,687841446767013888,2257,5036
1539,1539,687826841265172480,1013,2528
1540,1540,687818504314159109,867,2282
1541,1541,687807801670897665,660,2204
1542,1542,687732144991551489,598,1624
1543,1543,687704180304273409,767,2244
1544,1544,687664829264453632,471,1807
1545,1545,687494652870668288,530,1764
1546,1546,687480748861947905,222,1478
1547,1547,687476254459715584,483,1832
1548,1548,687460506001633280,492,1910
1549,1549,687399393394311168,555,1754
1550,1550,687317306314240000,8360,18687
1551,1551,687312378585812992,1737,4020
1552,1552,687127927494963200,2058,4982
1553,1553,687124485711986689,462,2019
1554,1554,687109925361856513,2242,5373
1555,1555,687102708889812993,875,2174
1556,1556,687096057537363968,552,2082
1557,1557,686947101016735744,2907,7998
1558,1558,686760001961103360,1259,3244
1559,1559,686749460672679938,1322,3208
1560,1560,686730991906516992,1094,3814
1561,1561,686683045143953408,735,2612
1562,1562,686618349602762752,1240,3417
1563,1563,686606069955735556,492,1753
1564,1564,686394059078897668,634,1599
1565,1565,686386521809772549,792,3018
1566,1566,686377065986265092,516,2052
1567,1567,686358356425093120,602,2001
1568,1568,686286779679375361,1528,3729
1569,1569,686050296934563840,664,2067
1570,1570,686035780142297088,104,1063
1571,1571,686034024800862208,1039,2853
1572,1572,686007916130873345,367,2285
1573,1573,686003207160610816,563,1684
1574,1574,685973236358713344,477,1941
1575,1575,685943807276412928,536,1499
1576,1576,685906723014619143,2598,6912
1577,1577,685681090388975616,110,1889
1578,1578,685667379192414208,511,2187
1579,1579,685663452032069632,1335,2979
1580,1580,685641971164143616,700,2699
1581,1581,685547936038666240,14161,30439
1582,1582,685532292383666176,1048,2813
1583,1583,685325112850124800,3590,8692
1584,1584,685321586178670592,580,2451
1585,1585,685315239903100929,945,3036
1586,1586,685307451701334016,397,1929
1587,1587,685268753634967552,1078,2847
1588,1588,685198997565345792,589,2144
1589,1589,685169283572338688,1281,3789
1590,1590,684969860808454144,328,2219
1591,1591,684959798585110529,2816,6302
1592,1592,684940049151070208,948,2969
1593,1593,684926975086034944,417,3226
1594,1594,684914660081053696,1326,3227
1595,1595,684902183876321280,467,1719
1596,1596,684880619965411328,729,1924
1597,1597,684830982659280897,19734,32418
1598,1598,684800227459624960,906,2517
1599,1599,684594889858887680,3173,8197
1600,1600,684588130326986752,1283,3817
1601,1601,684567543613382656,1107,2765
1602,1602,684538444857667585,858,2439
1603,1603,684481074559381504,1073,3574
1604,1604,684460069371654144,503,1820
1605,1605,684241637099323392,2954,7500
1606,1606,684225744407494656,184,1149
1607,1607,684222868335505415,1241,3524
1608,1608,684200372118904832,946,1988
1609,1609,684195085588783105,457,1765
1610,1610,684188786104872960,1054,3226
1611,1611,684177701129875456,594,1866
1612,1612,684147889187209216,1376,2748
1613,1613,684122891630342144,426,1864
1614,1614,684097758874210310,1299,3802
1615,1615,683857920510050305,1022,3528
1616,1616,683852578183077888,316,1797
1617,1617,683849932751646720,857,2418
1618,1618,683834909291606017,1025,2420
1619,1619,683828599284170753,973,2590
1620,1620,683773439333797890,1221,3079
1621,1621,683742671509258241,3013,5987
1622,1622,683515932363329536,2622,6804
1623,1623,683498322573824003,874,2937
1624,1624,683481228088049664,904,2455
1625,1625,683462770029932544,620,2244
1626,1626,683449695444799489,1460,3583
1627,1627,683391852557561860,2181,7059
1628,1628,683357973142474752,825,2675
1629,1629,683142553609318400,940,2649
1630,1630,683111407806746624,818,3148
1631,1631,683098815881154561,589,2002
1632,1632,683078886620553216,520,1860
1633,1633,683030066213818368,671,2003
1634,1634,682962037429899265,14912,33853
1635,1635,682808988178739200,155,1631
1636,1636,682788441537560576,1019,2286
1637,1637,682750546109968385,398,1408
1638,1638,682697186228989953,332,1217
1639,1639,682662431982772225,988,2820
1640,1640,682638830361513985,535,1913
1641,1641,682429480204398592,1046,3187
1642,1642,682406705142087680,1590,6978
1643,1643,682393905736888321,598,2078
1644,1644,682389078323662849,424,1544
1645,1645,682303737705140231,887,2828
1646,1646,682259524040966145,1079,3818
1647,1647,682242692827447297,1040,2972
1648,1648,682088079302213632,8914,16824
1649,1649,682059653698686977,1532,4549
1650,1650,682047327939461121,849,2954
1651,1651,682032003584274432,1798,6072
1652,1652,682003177596559360,1372,2874
1653,1653,681981167097122816,921,2598
1654,1654,681891461017812993,746,2277
1655,1655,681694085539872773,3698,11832
1656,1656,681679526984871937,400,1630
1657,1657,681654059175129088,820,2427
1658,1658,681610798867845120,419,1735
1659,1659,681579835668455424,1179,3260
1660,1660,681523177663676416,5216,13200
1661,1661,681340665377193984,245,1519
1662,1662,681339448655802368,3709,8570
1663,1663,681320187870711809,672,2417
1664,1664,681302363064414209,1629,3605
1665,1665,681297372102656000,857,2966
1666,1666,681281657291280384,998,2968
1667,1667,681261549936340994,236,1336
1668,1668,681242418453299201,470,1361
1669,1669,681231109724700672,441,2244
1670,1670,681193455364796417,1341,3424
1671,1671,680970795137544192,586,2217
1672,1672,680959110691590145,1825,4230
1673,1673,680940246314430465,938,2928
1674,1674,680934982542561280,394,1923
1675,1675,680913438424612864,563,2214
1676,1676,680889648562991104,326,1615
1677,1677,680836378243002368,1185,3194
1678,1678,680805554198020098,607,1985
1679,1679,680801747103793152,742,2192
1680,1680,680798457301471234,939,2612
1681,1681,680609293079592961,629,2415
1682,1682,680583894916304897,1193,3315
1683,1683,680497766108381184,1736,3893
1684,1684,680494726643068929,440,1576
1685,1685,680473011644985345,674,2347
1686,1686,680440374763077632,443,1330
1687,1687,680221482581123072,262,1363
1688,1688,680206703334408192,1050,2593
1689,1689,680191257256136705,442,1983
1690,1690,680176173301628928,1400,3569
1691,1691,680161097740095489,672,2145
1692,1692,680145970311643136,1563,3317
1693,1693,680130881361686529,857,2119
1694,1694,680115823365742593,830,2500
1695,1695,680100725817409536,1253,3308
1696,1696,680085611152338944,8160,11766
1697,1697,680070545539371008,776,2391
1698,1698,679877062409191424,581,1802
1699,1699,679872969355714560,598,2015
1700,1700,679862121895714818,557,2255
1701,1701,679854723806179328,1104,2615
1702,1702,679844490799091713,687,2188
1703,1703,679828447187857408,12617,33216
1704,1704,679777920601223168,998,2859
1705,1705,679736210798047232,718,1917
1706,1706,679729593985699840,749,1995
1707,1707,679722016581222400,426,1540
1708,1708,679530280114372609,1888,4375
1709,1709,679527802031484928,653,2431
1710,1710,679511351870550016,1149,3077
1711,1711,679503373272485890,1339,2921
1712,1712,679475951516934144,585,1928
1713,1713,679462823135686656,17038,29448
1714,1714,679405845277462528,1074,2168
1715,1715,679158373988876288,7253,19465
1716,1716,679148763231985668,927,2560
1717,1717,679132435750195208,1036,2714
1718,1718,679111216690831360,2316,5444
1719,1719,679062614270468097,7215,15505
1720,1720,679047485189439488,587,2057
1721,1721,679001094530465792,1096,2601
1722,1722,678991772295516161,1018,2074
1723,1723,678969228704284672,409,1499
1724,1724,678800283649069056,821,2356
1725,1725,678798276842360832,1030,3169
1726,1726,678774928607469569,821,2576
1727,1727,678767140346941444,1230,3226
1728,1728,678764513869611008,417,1483
1729,1729,678755239630127104,2936,6495
1730,1730,678740035362037760,1490,3403
1731,1731,678708137298427904,2194,5137
1732,1732,678675843183484930,1321,2608
1733,1733,678643457146150913,360,1882
1734,1734,678446151570427904,1372,3658
1735,1735,678424312106393600,2281,5004
1736,1736,678410210315247616,1610,3832
1737,1737,678399652199309312,28615,73548
1738,1738,678396796259975168,375,1460
1739,1739,678389028614488064,383,1716
1740,1740,678380236862578688,823,2247
1741,1741,678341075375947776,473,1577
1742,1742,678334497360859136,224,1184
1743,1743,678278586130948096,5498,10426
1744,1744,678255464182861824,328,1454
1745,1745,678023323247357953,341,1744
1746,1746,678021115718029313,5643,12394
1747,1747,677961670166224897,1526,3145
1748,1748,677918531514703872,364,1221
1749,1749,677895101218201600,1846,4402
1750,1750,677716515794329600,878,2786
1751,1751,677700003327029250,1294,3118
1752,1752,677698403548192770,286,1118
1753,1753,677687604918272002,756,2265
1754,1754,677673981332312066,1352,3037
1755,1755,677662372920729601,843,1778
1756,1756,677644091929329666,728,1713
1757,1757,677573743309385728,600,1940
1758,1758,677565715327688705,411,1191
1759,1759,677557565589463040,1018,2224
1760,1760,677547928504967168,3299,6330
1761,1761,677530072887205888,204,969
1762,1762,677335745548390400,1553,2763
1763,1763,677334615166730240,253,1229
1764,1764,677331501395156992,209,988
1765,1765,677328882937298944,1347,3342
1766,1766,677314812125323265,472,1502
1767,1767,677301033169788928,355,1116
1768,1768,677269281705472000,636,1799
1769,1769,677228873407442944,1469,3208
1770,1770,677187300187611136,815,2486
1771,1771,676975532580409345,953,2530
1772,1772,676957860086095872,720,2029
1773,1773,676949632774234114,349,1188
1774,1774,676948236477857792,777,1959
1775,1775,676946864479084545,327,1577
1776,1776,676942428000112642,668,1879
1777,1777,676936541936185344,4438,11637
1778,1778,676916996760600576,1619,2699
1779,1779,676897532954456065,650,2053
1780,1780,676864501615042560,629,1904
1781,1781,676821958043033607,13809,20758
1782,1782,676819651066732545,602,1657
1783,1783,676811746707918848,379,1308
1784,1784,676776431406465024,1805,4534
1785,1785,676617503762681856,856,2617
1786,1786,676613908052996102,177,987
1787,1787,676606785097199616,387,1724
1788,1788,676603393314578432,342,1043
1789,1789,676593408224403456,1894,4141
1790,1790,676590572941893632,110,841
1791,1791,676588346097852417,701,2087
1792,1792,676582956622721024,252,1083
1793,1793,676575501977128964,992,2336
1794,1794,676533798876651520,490,1702
1795,1795,676496375194980353,471,1377
1796,1796,676470639084101634,4187,10603
1797,1797,676440007570247681,590,1567
1798,1798,676430933382295552,302,1265
1799,1799,676263575653122048,484,1894
1800,1800,676237365392908289,251,1092
1801,1801,676219687039057920,27809,71002
1802,1802,676215927814406144,516,1574
1803,1803,676191832485810177,919,2059
1804,1804,676146341966438401,593,1755
1805,1805,676121918416756736,1030,1969
1806,1806,676101918813499392,1051,2586
1807,1807,676098748976615425,1251,2684
1808,1808,676089483918516224,392,1185
1809,1809,675898130735476737,505,1449
1810,1810,675891555769696257,765,1925
1811,1811,675888385639251968,841,2119
1812,1812,675878199931371520,1243,3783
1813,1813,675870721063669760,500,1470
1814,1814,675853064436391936,1137,2427
1815,1815,675849018447167488,123,866
1816,1816,675845657354215424,780,2049
1817,1817,675822767435051008,475,1382
1818,1818,675820929667219457,208,959
1819,1819,675798442703122432,3050,9329
1820,1820,675781562965868544,420,1459
1821,1821,675740360753160193,296,1062
1822,1822,675710890956750848,722,1694
1823,1823,675707330206547968,600,1786
1824,1824,675706639471788032,86,583
1825,1825,675534494439489536,363,1664
1826,1826,675531475945709568,332,1069
1827,1827,675522403582218240,248,942
1828,1828,675517828909424640,407,1152
1829,1829,675501075957489664,5228,15577
1830,1830,675497103322386432,1137,2825
1831,1831,675489971617296384,528,1156
1832,1832,675483430902214656,855,1668
1833,1833,675432746517426176,503,1363
1834,1834,675372240448454658,458,1532
1835,1835,675362609739206656,196,943
1836,1836,675354435921575936,14909,29513
1837,1837,675349384339542016,2002,3536
1838,1838,675334060156301312,1135,2492
1839,1839,675166823650848770,1388,3180
1840,1840,675153376133427200,2267,5607
1841,1841,675149409102012420,1503,3357
1842,1842,675147105808306176,200,842
1843,1843,675146535592706048,257,1055
1844,1844,675145476954566656,784,1918
1845,1845,675135153782571009,413,1166
1846,1846,675113801096802304,690,1741
1847,1847,675111688094527488,214,867
1848,1848,675109292475830276,1000,2523
1849,1849,675047298674663426,275,929
1850,1850,675015141583413248,1048,2426
1851,1851,675006312288268288,201,876
1852,1852,675003128568291329,406,1395
1853,1853,674999807681908736,957,1996
1854,1854,674805413498527744,318,767
1855,1855,674800520222154752,750,2707
1856,1856,674793399141146624,954,2225
1857,1857,674790488185167872,219,986
1858,1858,674788554665512960,181,719
1859,1859,674781762103414784,1050,1808
1860,1860,674774481756377088,412,991
1861,1861,674767892831932416,692,1634
1862,1862,674764817387900928,200,700
1863,1863,674754018082705410,384,1229
1864,1864,674752233200820224,402,1314
1865,1865,674743008475090944,469,1261
1866,1866,674742531037511680,45,430
1867,1867,674739953134403584,327,968
1868,1868,674737130913071104,80,580
1869,1869,674690135443775488,413,1027
1870,1870,674670581682434048,569,1449
1871,1871,674664755118911488,205,812
1872,1872,674646392044941312,430,1282
1873,1873,674644256330530816,243,931
1874,1874,674638615994089473,514,1519
1875,1875,674632714662858753,503,1347
1876,1876,674606911342424069,86,840
1877,1877,674468880899788800,1787,5571
1878,1878,674447403907457024,315,958
1879,1879,674436901579923456,344,988
1880,1880,674422304705744896,467,1286
1881,1881,674416750885273600,117,612
1882,1882,674410619106390016,402,1071
1883,1883,674394782723014656,489,1336
1884,1884,674372068062928900,280,767
1885,1885,674330906434379776,66,507
1886,1886,674318007229923329,450,1255
1887,1887,674307341513269249,6048,10159
1888,1888,674291837063053312,5150,13208
1889,1889,674271431610523648,645,1394
1890,1890,674269164442398721,202,824
1891,1891,674265582246694913,734,1463
1892,1892,674262580978937856,385,1180
1893,1893,674255168825880576,467,1307
1894,1894,674082852460433408,144,682
1895,1895,674075285688614912,246,890
1896,1896,674063288070742018,1911,5741
1897,1897,674053186244734976,1132,2954
1898,1898,674051556661161984,432,1294
1899,1899,674045139690631169,566,1268
1900,1900,674042553264685056,111,636
1901,1901,674038233588723717,369,981
1902,1902,674036086168010753,181,761
1903,1903,674024893172875264,1087,1586
1904,1904,674019345211760640,265,1017
1905,1905,674014384960745472,560,1390
1906,1906,674008982932058114,301,1084
1907,1907,673956914389192708,839,1752
1908,1908,673919437611909120,327,1057
1909,1909,673906403526995968,1438,2850
1910,1910,673887867907739649,221,844
1911,1911,673716320723169284,670,2788
1912,1912,673715861853720576,1815,3172
1913,1913,673711475735838725,266,941
1914,1914,673709992831262724,236,755
1915,1915,673708611235921920,256,954
1916,1916,673707060090052608,346,991
1917,1917,673705679337693185,359,1125
1918,1918,673700254269775872,501,1282
1919,1919,673697980713705472,1697,3518
1920,1920,673689733134946305,571,1546
1921,1921,673688752737402881,440,1128
1922,1922,673686845050527744,377,1277
1923,1923,673680198160809984,418,1230
1924,1924,673662677122719744,328,1131
1925,1925,673656262056419329,199,650
1926,1926,673636718965334016,309,995
1927,1927,673612854080196609,632,1426
1928,1928,673583129559498752,314,1069
1929,1929,673580926094458881,239,739
1930,1930,673576835670777856,488,1236
1931,1931,673363615379013632,267,932
1932,1932,673359818736984064,594,1289
1933,1933,673355879178194945,495,1345
1934,1934,673352124999274496,475,1496
1935,1935,673350198937153538,185,687
1936,1936,673345638550134785,1104,2235
1937,1937,673343217010679808,235,861
1938,1938,673342308415348736,492,1140
1939,1939,673320132811366400,6902,11984
1940,1940,673317986296586240,216,782
1941,1941,673295268553605120,2755,6739
1942,1942,673270968295534593,313,960
1943,1943,673240798075449344,618,1279
1944,1944,673213039743795200,724,1977
1945,1945,673148804208660480,550,1493
1946,1946,672997845381865473,631,1755
1947,1947,672995267319328768,253,845
1948,1948,672988786805112832,254,879
1949,1949,672984142909456390,471,1120
1950,1950,672980819271634944,892,1630
1951,1951,672975131468300288,783,1497
1952,1952,672970152493887488,305,841
1953,1953,672968025906282496,471,1186
1954,1954,672964561327235073,557,1262
1955,1955,672902681409806336,425,1234
1956,1956,672898206762672129,363,795
1957,1957,672884426393653248,731,1372
1958,1958,672877615439593473,303,909
1959,1959,672834301050937345,504,1158
1960,1960,672828477930868736,419,1110
1961,1961,672640509974827008,272,875
1962,1962,672622327801233409,423,1151
1963,1963,672614745925664768,512,1092
1964,1964,672609152938721280,338,972
1965,1965,672604026190569472,337,973
1966,1966,672594978741354496,531,1181
1967,1967,672591762242805761,286,846
1968,1968,672591271085670400,157,642
1969,1969,672538107540070400,318,903
1970,1970,672523490734551040,146,553
1971,1971,672488522314567680,373,989
1972,1972,672482722825261057,519,992
1973,1973,672481316919734272,110,640
1974,1974,672475084225949696,608,1299
1975,1975,672466075045466113,448,1192
1976,1976,672272411274932228,2942,5731
1977,1977,672267570918129665,539,1318
1978,1978,672264251789176834,287,1012
1979,1979,672256522047614977,1330,2515
1980,1980,672254177670729728,652,1277
1981,1981,672248013293752320,524,1533
1982,1982,672245253877968896,132,608
1983,1983,672239279297454080,276,806
1984,1984,672231046314901505,876,1624
1985,1985,672222792075620352,176,703
1986,1986,672205392827572224,1010,1994
1987,1987,672169685991993344,320,908
1988,1988,672160042234327040,304,765
1989,1989,672139350159835138,597,1548
1990,1990,672125275208069120,993,2120
1991,1991,672095186491711488,328,879
1992,1992,672082170312290304,319,840
1993,1993,672068090318987265,441,1141
1994,1994,671896809300709376,3679,7630
1995,1995,671891728106971137,484,1176
1996,1996,671882082306625538,1215,3116
1997,1997,671879137494245376,575,1249
1998,1998,671874878652489728,479,1108
1999,1999,671866342182637568,420,999
2000,2000,671855973984772097,374,794
2001,2001,671789708968640512,3006,6333
2002,2002,671768281401958400,435,1049
2003,2003,671763349865160704,776,1495
2004,2004,671744970634719232,667,1211
2005,2005,671743150407421952,202,675
2006,2006,671735591348891648,657,1289
2007,2007,671729906628341761,3810,7503
2008,2008,671561002136281088,6327,11403
2009,2009,671550332464455680,183,811
2010,2010,671547767500775424,499,1206
2011,2011,671544874165002241,890,1733
2012,2012,671542985629241344,487,965
2013,2013,671538301157904385,336,837
2014,2014,671536543010570240,344,1037
2015,2015,671533943490011136,497,899
2016,2016,671528761649688577,217,740
2017,2017,671520732782923777,454,1223
2018,2018,671518598289059840,253,832
2019,2019,671511350426865664,606,1429
2020,2020,671504605491109889,3132,6246
2021,2021,671497587707535361,391,828
2022,2022,671488513339211776,415,886
2023,2023,671486386088865792,173,512
2024,2024,671485057807351808,196,679
2025,2025,671390180817915904,654,1281
2026,2026,671362598324076544,258,980
2027,2027,671357843010908160,133,351
2028,2028,671355857343524864,105,421
2029,2029,671347597085433856,371,835
2030,2030,671186162933985280,176,642
2031,2031,671182547775299584,284,980
2032,2032,671166507850801152,302,783
2033,2033,671163268581498880,968,1463
2034,2034,671159727754231808,69,314
2035,2035,671154572044468225,186,626
2036,2036,671151324042559489,128,587
2037,2037,671147085991960577,192,587
2038,2038,671141549288370177,572,1025
2039,2039,671138694582165504,344,823
2040,2040,671134062904504320,163,655
2041,2041,671122204919246848,2190,3092
2042,2042,671115716440031232,674,1218
2043,2043,671109016219725825,378,1006
2044,2044,670995969505435648,245,970
2045,2045,670842764863651840,7582,22104
2046,2046,670840546554966016,166,524
2047,2047,670838202509447168,599,984
2048,2048,670833812859932673,109,382
2049,2049,670832455012716544,184,647
2050,2050,670826280409919488,3516,4877
2051,2051,670823764196741120,162,677
2052,2052,670822709593571328,83,545
2053,2053,670815497391357952,1323,2792
2054,2054,670811965569282048,231,985
2055,2055,670807719151067136,428,1051
2056,2056,670804601705242624,822,1743
2057,2057,670803562457407488,78,304
2058,2058,670797304698376195,203,661
2059,2059,670792680469889025,238,734
2060,2060,670789397210615808,210,585
2061,2061,670786190031921152,171,530
2062,2062,670783437142401025,331,726
2063,2063,670782429121134593,662,1350
2064,2064,670780561024270336,249,703
2065,2065,670778058496974848,62,298
2066,2066,670764103623966721,371,959
2067,2067,670755717859713024,89,393
2068,2068,670733412878163972,446,851
2069,2069,670727704916926465,314,737
2070,2070,670717338665226240,419,1053
2071,2071,670704688707301377,319,687
2072,2072,670691627984359425,209,521
2073,2073,670679630144274432,243,666
2074,2074,670676092097810432,35,215
2075,2075,670668383499735048,4326,9475
2076,2076,670474236058800128,634,1338
2077,2077,670468609693655041,77,317
2078,2078,670465786746662913,467,855
2079,2079,670452855871037440,174,489
2080,2080,670449342516494336,571,1076
2081,2081,670444955656130560,1747,6063
2082,2082,670442337873600512,175,581
2083,2083,670435821946826752,438,940
2084,2084,670434127938719744,562,1257
2085,2085,670433248821026816,100,296
2086,2086,670428280563085312,524,1234
2087,2087,670427002554466305,142,465
2088,2088,670421925039075328,552,1149
2089,2089,670420569653809152,265,541
2090,2090,670417414769758208,282,501
2091,2091,670411370698022913,772,1797
2092,2092,670408998013820928,188,486
2093,2093,670403879788544000,130,378
2094,2094,670385711116361728,173,494
2095,2095,670374371102445568,238,670
2096,2096,670361874861563904,55,289
2097,2097,670338931251150849,96,374
2098,2098,670319130621435904,1068,3473
2099,2099,670303360680108032,107,383
2100,2100,670290420111441920,250,623
2101,2101,670093938074779648,278,911
2102,2102,670086499208155136,218,623
2103,2103,670079681849372674,1057,1955
2104,2104,670073503555706880,681,1386
2105,2105,670069087419133954,205,554
2106,2106,670061506722140161,290,668
2107,2107,670055038660800512,279,592
2108,2108,670046952931721218,152,576
2109,2109,670040295598354432,97,659
2110,2110,670037189829525505,240,527
2111,2111,670003130994700288,77,296
2112,2112,669993076832759809,70,288
2113,2113,669972011175813120,134,396
2114,2114,669970042633789440,43,272
2115,2115,669942763794931712,133,445
2116,2116,669926384437997569,81,339
2117,2117,669923323644657664,50,202
2118,2118,669753178989142016,341,710
2119,2119,669749430875258880,55,229
2120,2120,669684865554620416,75,448
2121,2121,669683899023405056,94,339
2122,2122,669682095984410625,116,312
2123,2123,669680153564442624,245,588
2124,2124,669661792646373376,367,715
2125,2125,669625907762618368,1573,3130
2126,2126,669603084620980224,316,846
2127,2127,669597912108789760,133,447
2128,2128,669583744538451968,805,1323
2129,2129,669573570759163904,120,388
2130,2130,669571471778410496,884,1409
2131,2131,669567591774625800,45,202
2132,2132,669564461267722241,104,337
2133,2133,669393256313184256,62,313
2134,2134,669375718304980992,634,1181
2135,2135,669371483794317312,148,438
2136,2136,669367896104181761,131,406
2137,2137,669363888236994561,202,557
2138,2138,669359674819481600,103,332
2139,2139,669354382627049472,1095,2394
2140,2140,669353438988365824,229,566
2141,2141,669351434509529089,157,382
2142,2142,669328503091937280,367,908
2143,2143,669327207240699904,102,497
2144,2144,669324657376567296,182,440
2145,2145,669216679721873412,348,1059
2146,2146,669214165781868544,135,385
2147,2147,669203728096960512,409,890
2148,2148,669037058363662336,266,573
2149,2149,669015743032369152,324,651
2150,2150,669006782128353280,209,511
2151,2151,669000397445533696,5531,18709
2152,2152,668994913074286592,191,391
2153,2153,668992363537309700,294,659
2154,2154,668989615043424256,288,596
2155,2155,668988183816871936,391,800
2156,2156,668986018524233728,140,479
2157,2157,668981893510119424,259,483
2158,2158,668979806671884288,294,706
2159,2159,668975677807423489,497,1158
2160,2160,668967877119254528,18,127
2161,2161,668960084974809088,210,620
2162,2162,668955713004314625,63,241
2163,2163,668932921458302977,50,227
2164,2164,668902994700836864,88,276
2165,2165,668892474547511297,126,354
2166,2166,668872652652679168,268,477
2167,2167,668852170888998912,139,410
2168,2168,668826086256599040,112,384
2169,2169,668815180734689280,227,494
2170,2170,668779399630725120,325,629
2171,2171,668655139528511488,190,474
2172,2172,668645506898350081,459,775
2173,2173,668643542311546881,447,788
2174,2174,668641109086707712,468,944
2175,2175,668636665813057536,435,922
2176,2176,668633411083464705,1385,2470
2177,2177,668631377374486528,281,618
2178,2178,668627278264475648,97,281
2179,2179,668625577880875008,111,330
2180,2180,668623201287675904,655,1248
2181,2181,668620235289837568,35,181
2182,2182,668614819948453888,272,545
2183,2183,668587383441514497,923,1478
2184,2184,668567822092664832,46,206
2185,2185,668544745690562560,197,453
2186,2186,668542336805281792,182,403
2187,2187,668537837512433665,61,226
2188,2188,668528771708952576,189,404
2189,2189,668507509523615744,87,279
2190,2190,668496999348633600,114,359
2191,2191,668484198282485761,208,372
2192,2192,668480044826800133,128,397
2193,2193,668466899341221888,443,770
2194,2194,668297328638447616,255,557
2195,2195,668291999406125056,28,213
2196,2196,668286279830867968,118,436
2197,2197,668274247790391296,198,722
2198,2198,668268907921326080,206,485
2199,2199,668256321989451776,518,1154
2200,2200,668248472370458624,408,843
2201,2201,668237644992782336,2427,5456
2202,2202,668226093875376128,85,247
2203,2203,668221241640230912,169,452
2204,2204,668204964695683073,173,489
2205,2205,668190681446379520,171,577
2206,2206,668171859951755264,162,425
2207,2207,668154635664932864,273,440
2208,2208,668142349051129856,239,510
2209,2209,668113020489474048,208,586
2210,2210,667937095915278337,695,1116
2211,2211,667924896115245057,95,264
2212,2212,667915453470232577,46,184
2213,2213,667911425562669056,246,431
2214,2214,667902449697558528,334,759
2215,2215,667886921285246976,908,1648
2216,2216,667885044254572545,400,730
2217,2217,667878741721415682,101,349
2218,2218,667873844930215936,340,553
2219,2219,667866724293877760,901,2718
2220,2220,667861340749471744,69,221
2221,2221,667832474953625600,55,255
2222,2222,667806454573760512,417,931
2223,2223,667801013445750784,82,283
2224,2224,667793409583771648,286,609
2225,2225,667782464991965184,211,363
2226,2226,667773195014021121,44,204
2227,2227,667766675769573376,185,373
2228,2228,667728196545200128,127,325
2229,2229,667724302356258817,269,424
2230,2230,667550904950915073,29,0
2231,2231,667550882905632768,26,0
2232,2232,667549055577362432,1961,5112
2233,2233,667546741521195010,107,303
2234,2234,667544320556335104,459,762
2235,2235,667538891197542400,58,176
2236,2236,667534815156183040,446,719
2237,2237,667530908589760512,207,412
2238,2238,667524857454854144,969,1507
2239,2239,667517642048163840,166,332
2240,2240,667509364010450944,1867,6068
2241,2241,667502640335572993,194,485
2242,2242,667495797102141441,231,458
2243,2243,667491009379606528,190,459
2244,2244,667470559035432960,85,225
2245,2245,667455448082227200,53,171
2246,2246,667453023279554560,74,279
2247,2247,667443425659232256,490,682
2248,2248,667437278097252352,198,396
2249,2249,667435689202614272,76,266
2250,2250,667405339315146752,197,412
2251,2251,667393430834667520,50,168
2252,2252,667369227918143488,145,328
2253,2253,667211855547486208,210,425
2254,2254,667200525029539841,228,546
2255,2255,667192066997374976,86,332
2256,2256,667188689915760640,332,643
2257,2257,667182792070062081,5279,12548
2258,2258,667177989038297088,48,166
2259,2259,667176164155375616,388,528
2260,2260,667174963120574464,70,218
2261,2261,667171260800061440,72,186
2262,2262,667165590075940865,972,2379
2263,2263,667160273090932737,50,219
2264,2264,667152164079423490,14623,42313
2265,2265,667138269671505920,1875,4018
2266,2266,667119796878725120,106,286
2267,2267,667090893657276420,106,287
2268,2268,667073648344346624,104,352
2269,2269,667070482143944705,13,72
2270,2270,667065535570550784,40,143
2271,2271,667062181243039745,45,192
2272,2272,667044094246576128,43,163
2273,2273,667012601033924608,187,395
2274,2274,666996132027977728,79,214
2275,2275,666983947667116034,847,2250
2276,2276,666837028449972224,474,703
2277,2277,666835007768551424,66,185
2278,2278,666826780179869698,79,220
2279,2279,666817836334096384,212,444
2280,2280,666804364988780544,79,206
2281,2281,666786068205871104,410,659
2282,2282,666781792255496192,168,327
2283,2283,666776908487630848,150,305
2284,2284,666739327293083650,60,209
2285,2285,666701168228331520,182,371
2286,2286,666691418707132416,42,161
2287,2287,666649482315059201,524,994
2288,2288,666644823164719104,70,208
2289,2289,666454714377183233,180,448
2290,2290,666447344410484738,19,90
2291,2291,666437273139982337,40,106
2292,2292,666435652385423360,42,138
2293,2293,666430724426358785,160,278
2294,2294,666428276349472768,67,139
2295,2295,666421158376562688,92,273
2296,2296,666418789513326592,39,107
2297,2297,666411507551481857,262,371
2298,2298,666407126856765440,30,93
2299,2299,666396247373291520,69,147
2300,2300,666373753744588802,73,163
2301,2301,666362758909284353,470,649
2302,2302,666353288456101888,58,179
2303,2303,666345417576210432,125,244
2304,2304,666337882303524864,79,168
2305,2305,666293911632134144,291,426
2306,2306,666287406224695296,57,123
2307,2307,666273097616637952,68,152
2308,2308,666268910803644416,38,100
2309,2309,666104133288665088,5492,12906
2310,2310,666102155909144576,11,66
2311,2311,666099513787052032,53,134
2312,2312,666094000022159362,63,143
2313,2313,666082916733198337,37,93
2314,2314,666073100786774016,132,274
2315,2315,666071193221509120,51,127
2316,2316,666063827256086533,180,400
2317,2317,666058600524156928,47,99
2318,2318,666057090499244032,112,247
2319,2319,666055525042405380,196,367
2320,2320,666051853826850816,704,1027
2321,2321,666050758794694657,50,115
2322,2322,666049248165822465,37,89
2323,2323,666044226329800704,115,247
2324,2324,666033412701032449,36,100
2325,2325,666029285002620928,39,112
2326,2326,666020888022790149,423,2292
